{"type":"FeatureCollection","features":[{"type":"Feature","id":1,"geometry":{"type":"Polygon","coordinates":[[[29.349063396000076,-1.7027217279999718],[29.349014660000023,-1.7026846219999356],[29.349000388000036,-1.7027001709999467],[29.348970636000047,-1.7027827149999553],[29.348964681000041,-1.7028138199999603],[29.348958812000035,-1.7028425639999796],[29.348948489000065,-1.7028931189999525],[29.348984015000042,-1.7029060529999356],[29.349063396000076,-1.7027217279999718]]]},"properties":{"OBJECTID":1,"parcel_num":5122,"village":"Shusho","province":"Western","district":"Rubavu","sector":"Kanama","cell":"Mahoko","cell_code":"3030503","upi":"3/03/05/03/5122","Land_Use":"Residential","Area":145,"Shape_Length":0.00052120593646485277,"Shape_Area":1.1781832620359253e-08}},{"type":"Feature","id":2,"geometry":{"type":"Polygon","coordinates":[[[29.350043025000048,-1.7038123979999682],[29.350066292000065,-1.7037196769999241],[29.349853652000036,-1.7037325449999798],[29.349844825000048,-1.7037809659999539],[29.349830391000069,-1.7038466359999802],[29.349867251000035,-1.7038430599999401],[29.34995523300006,-1.7038466779999339],[29.349954050000065,-1.7038275349999594],[29.350002802000063,-1.7038167829999793],[29.350043025000048,-1.7038123979999682]]]},"properties":{"OBJECTID":2,"parcel_num":282,"village":"Shusho","province":"Western","district":"Rubavu","sector":"Kanama","cell":"Mahoko","cell_code":"3030503","upi":"3/03/05/03/282","Land_Use":"Residential","Area":275,"Shape_Length":0.00065973506788958214,"Shape_Area":2.2328100939095329e-08}},{"type":"Feature","id":3,"geometry":{"type":"Polygon","coordinates":[[[29.349178079000069,-1.7039492889999792],[29.349108734000026,-1.7039234559999272],[29.349077840000064,-1.7039078989999439],[29.349020920000044,-1.7039043909999805],[29.349020396000071,-1.7039214319999587],[29.349009694000074,-1.7039405629999465],[29.349006124000027,-1.703954911999972],[29.348989483000025,-1.7039632769999571],[29.348990666000077,-1.7039812159999315],[29.349000019000073,-1.7040026169999578],[29.349032259000069,-1.7039836219999529],[29.349072662000026,-1.703993202999925],[29.349130888000047,-1.7040099649999547],[29.349167725000029,-1.7040219359999469],[29.349190303000057,-1.7040231389999576],[29.349241205000055,-1.7040325699999244],[29.34926439700007,-1.7039737349999768],[29.349178079000069,-1.7039492889999792]]]},"properties":{"OBJECTID":3,"parcel_num":292,"village":"Shusho","province":"Western","district":"Rubavu","sector":"Kanama","cell":"Mahoko","cell_code":"3030503","upi":"3/03/05/03/292","Land_Use":"Residential","Area":236,"Shape_Length":0.00068493278391476358,"Shape_Area":1.9214305080406876e-08}},{"type":"Feature","id":4,"geometry":{"type":"Polygon","coordinates":[[[29.348778175000064,-1.703272912999978],[29.348866583000074,-1.7033226339999601],[29.348937914000032,-1.7033441939999534],[29.348997356000041,-1.7033621609999727],[29.349040150000064,-1.7033884969999349],[29.349084134000066,-1.7034112439999376],[29.34913298500004,-1.7034303119999663],[29.34916146300003,-1.7032736799999384],[29.348974811000062,-1.7032269549999342],[29.348911803000078,-1.7032077909999543],[29.348813805000077,-1.7031930039999565],[29.348778175000064,-1.703272912999978]]]},"properties":{"OBJECTID":4,"parcel_num":5082,"village":"Shusho","province":"Western","district":"Rubavu","sector":"Kanama","cell":"Mahoko","cell_code":"3030503","upi":"3/03/05/03/5082","Land_Use":"Residential","Area":578,"Shape_Length":0.00099432266087042778,"Shape_Area":4.6973826486811188e-08}},{"type":"Feature","id":5,"geometry":{"type":"Polygon","coordinates":[[[29.348813805000077,-1.7031930039999565],[29.348760812000023,-1.703185006999945],[29.348679966000077,-1.7031766049999533],[29.348608625000054,-1.7031837589999554],[29.34845825900004,-1.7031829589999461],[29.348464708000051,-1.703245107999976],[29.348561045000054,-1.7032483509999565],[29.348649031000036,-1.7032412019999583],[29.348670428000048,-1.7032519769999794],[29.348701340000048,-1.7032543809999652],[29.34872987500006,-1.7032567829999721],[29.348775050000029,-1.7032711549999249],[29.348778175000064,-1.703272912999978],[29.348813805000077,-1.7031930039999565]]]},"properties":{"OBJECTID":5,"parcel_num":5083,"village":"Shusho","province":"Western","district":"Rubavu","sector":"Kanama","cell":"Mahoko","cell_code":"3030503","upi":"3/03/05/03/5083","Land_Use":"Residential","Area":284,"Shape_Length":0.00082617387871206777,"Shape_Area":2.3098447553966049e-08}},{"type":"Feature","id":6,"geometry":{"type":"Polygon","coordinates":[[[29.350010233000035,-1.7039430819999666],[29.350043025000048,-1.7038123979999682],[29.350002802000063,-1.7038167829999793],[29.349954050000065,-1.7038275349999594],[29.34995523300006,-1.7038466779999339],[29.349867251000035,-1.7038430599999401],[29.349868425000068,-1.703888524999968],[29.349866435000024,-1.7039411319999545],[29.34986542200005,-1.7039483869999685],[29.349966562000077,-1.7039516589999266],[29.350010233000035,-1.7039430819999666]]]},"properties":{"OBJECTID":6,"parcel_num":284,"village":"Shusho","province":"Western","district":"Rubavu","sector":"Kanama","cell":"Mahoko","cell_code":"3030503","upi":"3/03/05/03/284","Land_Use":"Residential","Area":225,"Shape_Length":0.00058350451152406886,"Shape_Area":1.828954709206036e-08}},{"type":"Feature","id":7,"geometry":{"type":"Polygon","coordinates":[[[29.348734966000052,-1.7042267459999607],[29.348722413000075,-1.7041888079999694],[29.348657040000035,-1.704223466999963],[29.348605932000055,-1.7042413869999677],[29.348566083000037,-1.7042559539999615],[29.348577826000053,-1.70432423099993],[29.348702170000024,-1.7043071939999663],[29.34872374400004,-1.7042980609999745],[29.348750218000077,-1.7042878119999614],[29.348744970000041,-1.7042569809999577],[29.348734966000052,-1.7042267459999607]]]},"properties":{"OBJECTID":7,"parcel_num":231,"village":"Shusho","province":"Western","district":"Rubavu","sector":"Kanama","cell":"Mahoko","cell_code":"3030503","upi":"3/03/05/03/231","Land_Use":"Residential","Area":187,"Shape_Length":0.00052026282266990059,"Shape_Area":1.5226257287128442e-08}},{"type":"Feature","id":8,"geometry":{"type":"Polygon","coordinates":[[[29.348386853000079,-1.702107739999974],[29.348363955000025,-1.702089224999952],[29.348368059000052,-1.7021065219999514],[29.348324062000074,-1.7021232579999719],[29.348281723000071,-1.7021330739999598],[29.348318556000038,-1.7022857939999767],[29.348324419000051,-1.7023157999999512],[29.348407233000046,-1.7022931799999697],[29.34847256300003,-1.7022675509999772],[29.348454809000032,-1.70223935599995],[29.348415603000035,-1.7021508069999527],[29.348400157000071,-1.7021184969999581],[29.348386853000079,-1.702107739999974]]]},"properties":{"OBJECTID":8,"parcel_num":328,"village":"Shusho","province":"Western","district":"Rubavu","sector":"Kanama","cell":"Mahoko","cell_code":"3030503","upi":"3/03/05/03/328","Land_Use":"Residential","Area":307,"Shape_Length":0.00066453642137242564,"Shape_Area":2.4942411217411753e-08}},{"type":"Feature","id":9,"geometry":{"type":"Polygon","coordinates":[[[29.349049427000068,-1.7063523599999257],[29.349042703000066,-1.7063410739999654],[29.349033199000075,-1.7063159449999716],[29.349018804000025,-1.7062693819999595],[29.348978405000025,-1.7062796599999501],[29.348857791000057,-1.7062851919999389],[29.348868974000027,-1.7063619009999798],[29.348904696000034,-1.7063657379999313],[29.348977188000049,-1.7063681539999607],[29.349024726000039,-1.706360995999944],[29.349049427000068,-1.7063523599999257]]]},"properties":{"OBJECTID":9,"parcel_num":201,"village":"Shusho","province":"Western","district":"Rubavu","sector":"Kanama","cell":"Mahoko","cell_code":"3030503","upi":"3/03/05/03/201","Land_Use":"Residential","Area":179,"Shape_Length":0.0005113881044791045,"Shape_Area":1.4535425828565007e-08}},{"type":"Feature","id":10,"geometry":{"type":"Polygon","coordinates":[[[29.349853652000036,-1.7037325449999798],[29.349860310000054,-1.7036960249999424],[29.349777086000074,-1.7036864249999439],[29.349690718000033,-1.7036730249999437],[29.349653277000073,-1.7037257359999671],[29.349603301000059,-1.7038429699999256],[29.349709116000042,-1.7038537739999242],[29.349816118000035,-1.7038657739999508],[29.349830391000069,-1.7038466359999802],[29.349844825000048,-1.7037809659999539],[29.349853652000036,-1.7037325449999798]]]},"properties":{"OBJECTID":10,"parcel_num":283,"village":"Shusho","province":"Western","district":"Rubavu","sector":"Kanama","cell":"Mahoko","cell_code":"3030503","upi":"3/03/05/03/283","Land_Use":"Residential","Area":437,"Shape_Length":0.00075476474671807474,"Shape_Area":3.5553299623076384e-08}},{"type":"Feature","id":11,"geometry":{"type":"Polygon","coordinates":[[[29.349021047000065,-1.7057699089999687],[29.348997595000071,-1.7057594609999569],[29.348976206000032,-1.7057546689999299],[29.348915282000064,-1.7057570689999579],[29.348851422000052,-1.7057582149999462],[29.348788716000058,-1.7057581929999515],[29.348794006000048,-1.7058380939999438],[29.348873978000029,-1.7058275829999729],[29.348901653000041,-1.7058180829999401],[29.348922710000068,-1.7058045789999596],[29.348995208000076,-1.7057953749999797],[29.349014890000035,-1.7057758269999681],[29.349021047000065,-1.7057699089999687]]]},"properties":{"OBJECTID":11,"parcel_num":206,"village":"Shusho","province":"Western","district":"Rubavu","sector":"Kanama","cell":"Mahoko","cell_code":"3030503","upi":"3/03/05/03/206","Land_Use":"Residential","Area":157,"Shape_Length":0.00055951163635708503,"Shape_Area":1.2795742481034034e-08}},{"type":"Feature","id":12,"geometry":{"type":"Polygon","coordinates":[[[29.349013486000047,-1.704446020999967],[29.348981397000045,-1.7044507929999781],[29.348926728000038,-1.7044579499999486],[29.348910098000033,-1.7044340269999338],[29.348828099000059,-1.7044351939999274],[29.348763468000072,-1.7044449599999325],[29.348781387000031,-1.7045733019999716],[29.348861330000034,-1.7045659299999443],[29.348892154000055,-1.7045659409999416],[29.348946894000051,-1.7045659589999786],[29.349015672000064,-1.7045635959999572],[29.349013486000047,-1.704446020999967]]]},"properties":{"OBJECTID":12,"parcel_num":225,"village":"Shusho","province":"Western","district":"Rubavu","sector":"Kanama","cell":"Mahoko","cell_code":"3030503","upi":"3/03/05/03/225","Land_Use":"Residential","Area":370,"Shape_Length":0.00074593164728618301,"Shape_Area":3.0099185158679877e-08}},{"type":"Feature","id":13,"geometry":{"type":"Polygon","coordinates":[[[29.348905353000077,-1.7047118189999537],[29.348893405000069,-1.7046002479999629],[29.348831607000079,-1.7046038139999382],[29.348833976000037,-1.7046277329999384],[29.348762664000049,-1.7046492339999304],[29.348759092000023,-1.7046731499999623],[29.348761463000073,-1.7046863059999282],[29.348768573000029,-1.7047496899999715],[29.348799473000042,-1.704743720999943],[29.348887425000044,-1.7047150499999475],[29.348905353000077,-1.7047118189999537]]]},"properties":{"OBJECTID":13,"parcel_num":222,"village":"Shusho","province":"Western","district":"Rubavu","sector":"Kanama","cell":"Mahoko","cell_code":"3030503","upi":"3/03/05/03/222","Land_Use":"Residential","Area":188,"Shape_Length":0.00051615460814848275,"Shape_Area":1.5254022282767145e-08}},{"type":"Feature","id":14,"geometry":{"type":"Polygon","coordinates":[[[29.348552136000023,-1.7025385589999473],[29.348501086000056,-1.7025133559999404],[29.348455904000048,-1.7025181269999621],[29.348411911000028,-1.7025240939999549],[29.348361217000047,-1.702528473999962],[29.348368359000062,-1.7026098929999307],[29.348375463000025,-1.702690018999931],[29.348403537000024,-1.7026772349999533],[29.348434459000032,-1.7026509239999541],[29.348476084000026,-1.7026150449999591],[29.348531982000054,-1.7025648139999703],[29.348552136000023,-1.7025385589999473]]]},"properties":{"OBJECTID":14,"parcel_num":326,"village":"Shusho","province":"Western","district":"Rubavu","sector":"Kanama","cell":"Mahoko","cell_code":"3030503","upi":"3/03/05/03/326","Land_Use":"Residential","Area":235,"Shape_Length":0.00059446878804494019,"Shape_Area":1.9094737250012047e-08}},{"type":"Feature","id":15,"geometry":{"type":"Polygon","coordinates":[[[29.349138888000027,-1.7026294759999701],[29.349018982000075,-1.7025393249999752],[29.348926687000073,-1.7026558779999732],[29.348941904000071,-1.7026682839999694],[29.348905031000072,-1.7027137359999642],[29.348870530000056,-1.7027759389999346],[29.348932337000065,-1.7028321929999493],[29.348958812000035,-1.7028425639999796],[29.348964681000041,-1.7028138199999603],[29.348970636000047,-1.7027827149999553],[29.349000388000036,-1.7027001709999467],[29.349014660000023,-1.7026846219999356],[29.349063396000076,-1.7027217279999718],[29.349138888000027,-1.7026294759999701]]]},"properties":{"OBJECTID":15,"parcel_num":338,"village":"Shusho","province":"Western","district":"Rubavu","sector":"Kanama","cell":"Mahoko","cell_code":"3030503","upi":"3/03/05/03/338","Land_Use":"Residential","Area":398,"Shape_Length":0.00091029812548596291,"Shape_Area":3.2363502281659033e-08}},{"type":"Feature","id":16,"geometry":{"type":"Polygon","coordinates":[[[29.349190014000044,-1.7042989879999482],[29.349159714000052,-1.7042822359999263],[29.349137135000035,-1.7042810319999262],[29.34909910500005,-1.704283410999949],[29.349071768000044,-1.7042953599999464],[29.349015905000044,-1.7043204549999587],[29.349013486000047,-1.704446020999967],[29.349015672000064,-1.7045635959999572],[29.349078244000054,-1.7045614469999464],[29.349084738000045,-1.7045610519999741],[29.349150899000051,-1.7045558479999272],[29.349141819000067,-1.7044891159999338],[29.349134698000057,-1.7044592159999752],[29.349144224000042,-1.7044042099999501],[29.34921672400003,-1.7043842779999636],[29.349271393000038,-1.7043735339999557],[29.349307056000043,-1.7043424539999705],[29.349323698000035,-1.7043293039999412],[29.349358166000059,-1.7043173569999794],[29.349291617000063,-1.7043109819999245],[29.349255965000054,-1.7043109699999377],[29.349222858000076,-1.7042994689999773],[29.349190014000044,-1.7042989879999482]]]},"properties":{"OBJECTID":16,"parcel_num":227,"village":"Shusho","province":"Western","district":"Rubavu","sector":"Kanama","cell":"Mahoko","cell_code":"3030503","upi":"3/03/05/03/227","Land_Use":"Residential","Area":588,"Shape_Length":0.0011252872811369624,"Shape_Area":4.7820885518999111e-08}},{"type":"Feature","id":17,"geometry":{"type":"Polygon","coordinates":[[[29.349626316000069,-1.7058361899999568],[29.349597711000058,-1.7058433759999616],[29.349569188000032,-1.7058481489999622],[29.349513339000055,-1.7058301929999402],[29.349495510000054,-1.7058361669999726],[29.349465799000029,-1.7058421349999549],[29.349414692000039,-1.7058576639999501],[29.349389737000024,-1.705854067999951],[29.349388676000046,-1.7058694589999277],[29.34938388300003,-1.7059390639999492],[29.349408720000042,-1.7059473529999423],[29.349445554000056,-1.7059676949999698],[29.349487143000033,-1.7059820599999398],[29.349539428000071,-1.7059952329999533],[29.349597878000054,-1.706009283999947],[29.349623757000074,-1.7060015019999355],[29.349645566000049,-1.7059949429999506],[29.349669427000038,-1.7059710219999715],[29.349684892000028,-1.7059470989999568],[29.349712255000043,-1.7058968569999706],[29.349731648000045,-1.705855966999934],[29.349723872000027,-1.7058538779999708],[29.349710082000058,-1.7058503099999598],[29.34969060700007,-1.7058454029999552],[29.349659871000028,-1.7058306039999707],[29.349626316000069,-1.7058361899999568]]]},"properties":{"OBJECTID":17,"parcel_num":314,"village":"Shusho","province":"Western","district":"Rubavu","sector":"Kanama","cell":"Mahoko","cell_code":"3030503","upi":"3/03/05/03/314","Land_Use":"Residential","Area":546,"Shape_Length":0.00088135188334016723,"Shape_Area":4.4339942047364044e-08}},{"type":"Feature","id":18,"geometry":{"type":"Polygon","coordinates":[[[29.348898958000063,-1.7030864449999399],[29.34890634900006,-1.7030315519999704],[29.348787474000062,-1.7029692969999246],[29.348731180000073,-1.702970961999938],[29.348729097000046,-1.7030876099999546],[29.348825795000039,-1.703092432999938],[29.348869303000072,-1.7030936959999394],[29.348898958000063,-1.7030864449999399]]]},"properties":{"OBJECTID":18,"parcel_num":259,"village":"Shusho","province":"Western","district":"Rubavu","sector":"Kanama","cell":"Mahoko","cell_code":"3030503","upi":"3/03/05/03/259","Land_Use":"Residential","Area":214,"Shape_Length":0.00053343667641992732,"Shape_Area":1.7431112616143378e-08}},{"type":"Feature","id":19,"geometry":{"type":"Polygon","coordinates":[[[29.350131899000075,-1.703523210999947],[29.350059971000064,-1.7035212819999401],[29.349974365000037,-1.703523645999951],[29.349933941000074,-1.7035188469999412],[29.349894705000054,-1.7035212259999639],[29.349851902000069,-1.7035236049999298],[29.349817416000064,-1.7035403429999292],[29.349859024000068,-1.7035571079999272],[29.349917272000027,-1.7035918239999432],[29.349954120000064,-1.7036193549999439],[29.350095742000065,-1.7036269599999514],[29.350131899000075,-1.703523210999947]]]},"properties":{"OBJECTID":19,"parcel_num":280,"village":"Shusho","province":"Western","district":"Rubavu","sector":"Kanama","cell":"Mahoko","cell_code":"3030503","upi":"3/03/05/03/280","Land_Use":"Residential","Area":285,"Shape_Length":0.00072917021884697235,"Shape_Area":2.3181979881001439e-08}},{"type":"Feature","id":20,"geometry":{"type":"Polygon","coordinates":[[[29.349241205000055,-1.7040325699999244],[29.349190303000057,-1.7040231389999576],[29.349167725000029,-1.7040219359999469],[29.349130888000047,-1.7040099649999547],[29.349072662000026,-1.703993202999925],[29.349032259000069,-1.7039836219999529],[29.349000019000073,-1.7040026169999578],[29.348962135000079,-1.7040063199999622],[29.348932429000058,-1.7039979389999758],[29.348877756000036,-1.7040158579999343],[29.348853380000037,-1.7040241399999445],[29.34885556200004,-1.704048936999925],[29.348868190000076,-1.7040903129999379],[29.348906655000064,-1.7040704789999381],[29.348948252000071,-1.7040645149999705],[29.348982718000059,-1.7040549589999614],[29.348989322000079,-1.7040946349999331],[29.349036977000026,-1.7040900569999735],[29.349061932000041,-1.7040936529999726],[29.34911065600005,-1.7040960609999729],[29.349178393000045,-1.704102063999926],[29.349245254000039,-1.7041106429999786],[29.349245932000031,-1.7040819859999488],[29.349242977000074,-1.7040598309999382],[29.349241205000055,-1.7040325699999244]]]},"properties":{"OBJECTID":20,"parcel_num":293,"village":"Shusho","province":"Western","district":"Rubavu","sector":"Kanama","cell":"Mahoko","cell_code":"3030503","upi":"3/03/05/03/293","Land_Use":"Residential","Area":385,"Shape_Length":0.00096991261149147504,"Shape_Area":3.1308007264815623e-08}},{"type":"Feature","id":21,"geometry":{"type":"Polygon","coordinates":[[[29.349150899000051,-1.7045558479999272],[29.349216668000054,-1.7045505049999292],[29.349232117000042,-1.7045493139999621],[29.349240450000025,-1.7045098529999336],[29.349241648000032,-1.7044799569999327],[29.34921672400003,-1.7043842779999636],[29.349144224000042,-1.7044042099999501],[29.349134698000057,-1.7044592159999752],[29.349141819000067,-1.7044891159999338],[29.349150899000051,-1.7045558479999272]]]},"properties":{"OBJECTID":21,"parcel_num":298,"village":"Shusho","province":"Western","district":"Rubavu","sector":"Kanama","cell":"Mahoko","cell_code":"3030503","upi":"3/03/05/03/298","Land_Use":"Residential","Area":179,"Shape_Length":0.00047970171862804029,"Shape_Area":1.4538720621418944e-08}},{"type":"Feature","id":22,"geometry":{"type":"Polygon","coordinates":[[[29.348730669000076,-1.7039787959999444],[29.348728037000058,-1.7039572089999524],[29.348655917000031,-1.7039663439999799],[29.348657751000076,-1.7039796489999617],[29.34866740800004,-1.7040185769999425],[29.348735548000036,-1.704005843999937],[29.348730669000076,-1.7039787959999444]]]},"properties":{"OBJECTID":22,"parcel_num":238,"village":"Shusho","province":"Western","district":"Rubavu","sector":"Kanama","cell":"Mahoko","cell_code":"3030503","upi":"3/03/05/03/238","Land_Use":"Residential","Area":45,"Shape_Length":0.000244785835559425,"Shape_Area":3.6523002503399232e-09}},{"type":"Feature","id":23,"geometry":{"type":"Polygon","coordinates":[[[29.349410645000034,-1.7041045989999475],[29.349245932000031,-1.7040819859999488],[29.349245254000039,-1.7041106429999786],[29.349242943000036,-1.7041602839999541],[29.349237492000043,-1.7041883939999707],[29.349311886000066,-1.7042006059999721],[29.349323770000069,-1.7042149679999739],[29.349324951000028,-1.704240092999953],[29.34938218800005,-1.7042419359999599],[29.349392729000044,-1.704217382999957],[29.349404629000048,-1.7041874759999587],[29.349411782000061,-1.7041288529999292],[29.349410645000034,-1.7041045989999475]]]},"properties":{"OBJECTID":23,"parcel_num":295,"village":"Shusho","province":"Western","district":"Rubavu","sector":"Kanama","cell":"Mahoko","cell_code":"3030503","upi":"3/03/05/03/295","Land_Use":"Residential","Area":248,"Shape_Length":0.0005919477862848429,"Shape_Area":2.0135852393362168e-08}},{"type":"Feature","id":24,"geometry":{"type":"Polygon","coordinates":[[[29.34951049700004,-1.7029083629999491],[29.349486997000042,-1.7028956189999462],[29.34941645400005,-1.702841641999953],[29.349361999000052,-1.7029183019999437],[29.349338209000052,-1.7029482049999274],[29.349331667000058,-1.7029660569999692],[29.349321549000024,-1.7029936639999619],[29.349269218000074,-1.7030438969999295],[29.349254945000041,-1.7030594459999406],[29.34927514900005,-1.7030857749999768],[29.349155559000053,-1.7031504449999488],[29.349237059000075,-1.7032113879999429],[29.349317929000051,-1.7032419609999465],[29.349346478000029,-1.7031988989999718],[29.34938216200004,-1.7031558389999759],[29.349408405000077,-1.7031200859999558],[29.349384782000072,-1.7030987099999493],[29.349371708000035,-1.703084348999937],[29.349382424000055,-1.7030400839999515],[29.349396698000078,-1.7030197489999637],[29.349420482000028,-1.7030053999999382],[29.349458312000024,-1.702987167999936],[29.34951049700004,-1.7029083629999491]]]},"properties":{"OBJECTID":24,"parcel_num":265,"village":"Shusho","province":"Western","district":"Rubavu","sector":"Kanama","cell":"Mahoko","cell_code":"3030503","upi":"3/03/05/03/265","Land_Use":"Residential","Area":614,"Shape_Length":0.0011851261578107192,"Shape_Area":4.9864708207412961e-08}},{"type":"Feature","id":25,"geometry":{"type":"Polygon","coordinates":[[[29.348702576000051,-1.7022949379999659],[29.348611926000046,-1.7022209459999544],[29.348554656000033,-1.7023159629999327],[29.34852968000007,-1.702337489999934],[29.348551075000046,-1.7023590329999365],[29.348580791000074,-1.7023841679999805],[29.348602186000051,-1.7024009259999389],[29.348616535000076,-1.7024087069999609],[29.348702576000051,-1.7022949379999659]]]},"properties":{"OBJECTID":25,"parcel_num":5802,"village":"Shusho","province":"Western","district":"Rubavu","sector":"Kanama","cell":"Mahoko","cell_code":"3030503","upi":"3/03/05/03/5802","Land_Use":"Residential","Area":198,"Shape_Length":0.00051635165120096855,"Shape_Area":1.6054797420282709e-08}},{"type":"Feature","id":26,"geometry":{"type":"Polygon","coordinates":[[[29.349608132000071,-1.7031168819999607],[29.349526001000072,-1.7030687309999735],[29.349517945000059,-1.7030999519999455],[29.349504859000035,-1.7031238759999496],[29.349502470000061,-1.7031573759999787],[29.349452539000026,-1.7031382159999566],[29.349435882000023,-1.7031729069999528],[29.349488189000056,-1.7031956569999807],[29.349459637000052,-1.7032458979999774],[29.349545228000068,-1.7032901949999655],[29.349592288000053,-1.7031856829999583],[29.349583317000054,-1.7031621889999542],[29.349608132000071,-1.7031168819999607]]]},"properties":{"OBJECTID":26,"parcel_num":269,"village":"Shusho","province":"Western","district":"Rubavu","sector":"Kanama","cell":"Mahoko","cell_code":"3030503","upi":"3/03/05/03/269","Land_Use":"Residential","Area":238,"Shape_Length":0.00068289318309546442,"Shape_Area":1.9304572419934463e-08}},{"type":"Feature","id":27,"geometry":{"type":"Polygon","coordinates":[[[29.349401357000033,-1.705237545999978],[29.349372447000064,-1.7051459429999341],[29.349371269000073,-1.7051136389999328],[29.349370889000056,-1.7050965639999731],[29.349357904000044,-1.7050982639999575],[29.349292539000032,-1.7051054169999702],[29.349237866000067,-1.7051233359999287],[29.349204333000046,-1.7051404149999598],[29.349187932000063,-1.7051890919999551],[29.349197433000029,-1.7052058379999266],[29.34921999900007,-1.7052465049999341],[29.34924019400006,-1.7052716259999556],[29.34927609600004,-1.7052823049999688],[29.349318903000039,-1.7052679619999367],[29.349364084000058,-1.7052667809999775],[29.349393802000066,-1.7052423299999759],[29.349401357000033,-1.705237545999978]]]},"properties":{"OBJECTID":27,"parcel_num":305,"village":"Shusho","province":"Western","district":"Rubavu","sector":"Kanama","cell":"Mahoko","cell_code":"3030503","upi":"3/03/05/03/305","Land_Use":"Residential","Area":349,"Shape_Length":0.00064406374673422117,"Shape_Area":2.8355206987943943e-08}},{"type":"Feature","id":28,"geometry":{"type":"Polygon","coordinates":[[[29.348915282000064,-1.7057570689999579],[29.348916420000023,-1.7057092959999522],[29.348785543000076,-1.705710268999951],[29.348788716000058,-1.7057581929999515],[29.348851422000052,-1.7057582149999462],[29.348915282000064,-1.7057570689999579]]]},"properties":{"OBJECTID":28,"parcel_num":207,"village":"Shusho","province":"Western","district":"Rubavu","sector":"Kanama","cell":"Mahoko","cell_code":"3030503","upi":"3/03/05/03/207","Land_Use":"Residential","Area":76,"Shape_Length":0.00035327238050894067,"Shape_Area":6.1968305382284388e-09}},{"type":"Feature","id":29,"geometry":{"type":"Polygon","coordinates":[[[29.34908149000006,-1.7046531699999719],[29.349078244000054,-1.7045614469999464],[29.349015672000064,-1.7045635959999572],[29.348946894000051,-1.7045659589999786],[29.348892154000055,-1.7045659409999416],[29.348893405000069,-1.7046002479999629],[29.348899780000067,-1.7046597699999779],[29.34908149000006,-1.7046531699999719]]]},"properties":{"OBJECTID":29,"parcel_num":5782,"village":"Shusho","province":"Western","district":"Rubavu","sector":"Kanama","cell":"Mahoko","cell_code":"3030503","upi":"3/03/05/03/5782","Land_Use":"Residential","Area":210,"Shape_Length":0.00055396993576995531,"Shape_Area":1.7039133712430621e-08}},{"type":"Feature","id":30,"geometry":{"type":"Polygon","coordinates":[[[29.348868346000074,-1.7037276489999726],[29.348808933000043,-1.703703710999946],[29.348756656000035,-1.7036678169999391],[29.348628310000038,-1.7036629899999411],[29.348614431000044,-1.7036615739999661],[29.348636599000031,-1.7037526829999479],[29.348527798000077,-1.7037614049999661],[29.348534316000041,-1.703860835999933],[29.348535193000032,-1.7038737649999689],[29.348595619000037,-1.7038666099999773],[29.348650048000025,-1.7038519059999544],[29.34868291500004,-1.7038459769999577],[29.348717381000029,-1.7038376179999659],[29.348712638000052,-1.7038077199999293],[29.348725713000078,-1.7038005489999364],[29.348754235000058,-1.7037993629999733],[29.348797015000059,-1.7038053559999753],[29.348832666000078,-1.7038089559999321],[29.348861211000042,-1.7037408009999808],[29.348868346000074,-1.7037276489999726]]]},"properties":{"OBJECTID":30,"parcel_num":243,"village":"Shusho","province":"Western","district":"Rubavu","sector":"Kanama","cell":"Mahoko","cell_code":"3030503","upi":"3/03/05/03/243","Land_Use":"Residential","Area":523,"Shape_Length":0.0010130815316706514,"Shape_Area":4.2544917497742955e-08}},{"type":"Feature","id":31,"geometry":{"type":"Polygon","coordinates":[[[29.349435869000047,-1.7033095469999466],[29.349403737000046,-1.7033021109999709],[29.349376170000028,-1.7032958209999265],[29.349338085000056,-1.7034094689999506],[29.349302391000037,-1.7034848329999477],[29.349324960000047,-1.7035494489999792],[29.34935370900007,-1.7035760789999586],[29.349372730000027,-1.7035820669999566],[29.349420974000054,-1.7036039819999473],[29.349453586000038,-1.7035617559999423],[29.349465484000063,-1.7035366339999314],[29.349467872000048,-1.7035067239999648],[29.349461937000058,-1.7034768109999732],[29.349472648000074,-1.703448099999946],[29.349466711000048,-1.7034241699999484],[29.349456015000044,-1.7034098089999361],[29.349476492000065,-1.7033186129999649],[29.349470219000068,-1.7033169349999753],[29.349435869000047,-1.7033095469999466]]]},"properties":{"OBJECTID":31,"parcel_num":251,"village":"Shusho","province":"Western","district":"Rubavu","sector":"Kanama","cell":"Mahoko","cell_code":"3030503","upi":"3/03/05/03/251","Land_Use":"Residential","Area":449,"Shape_Length":0.0007950200869932968,"Shape_Area":3.6493700156349794e-08}},{"type":"Feature","id":32,"geometry":{"type":"Polygon","coordinates":[[[29.349011182000027,-1.7042259789999434],[29.348997637000025,-1.7041445959999351],[29.348848772000053,-1.7041830329999357],[29.348734966000052,-1.7042267459999607],[29.348744970000041,-1.7042569809999577],[29.348750218000077,-1.7042878119999614],[29.348758472000043,-1.7042858769999611],[29.348813891000077,-1.7042749429999731],[29.348872130000075,-1.7042546329999482],[29.348934357000076,-1.7042416879999678],[29.349011182000027,-1.7042259789999434]]]},"properties":{"OBJECTID":32,"parcel_num":232,"village":"Shusho","province":"Western","district":"Rubavu","sector":"Kanama","cell":"Mahoko","cell_code":"3030503","upi":"3/03/05/03/232","Land_Use":"Residential","Area":251,"Shape_Length":0.00068990132497558413,"Shape_Area":2.0370706819400886e-08}},{"type":"Feature","id":33,"geometry":{"type":"Polygon","coordinates":[[[29.348979184000029,-1.702509402999965],[29.34893571300006,-1.702476719999936],[29.348862513000029,-1.7025685159999284],[29.348848249000071,-1.702557742999943],[29.348830976000045,-1.7025797979999311],[29.348891455000057,-1.7026278719999368],[29.348979184000029,-1.702509402999965]]]},"properties":{"OBJECTID":33,"parcel_num":5191,"village":"Shusho","province":"Western","district":"Rubavu","sector":"Kanama","cell":"Mahoko","cell_code":"3030503","upi":"3/03/05/03/5191","Land_Use":"Residential","Area":109,"Shape_Length":0.00044235757964370564,"Shape_Area":8.8589701016520969e-09}},{"type":"Feature","id":34,"geometry":{"type":"Polygon","coordinates":[[[29.34938218800005,-1.7042419359999599],[29.349324951000028,-1.704240092999953],[29.349323770000069,-1.7042149679999739],[29.349311886000066,-1.7042006059999721],[29.349237492000043,-1.7041883939999707],[29.349225087000036,-1.7042523609999307],[29.349222858000076,-1.7042994689999773],[29.349255965000054,-1.7043109699999377],[29.349291617000063,-1.7043109819999245],[29.349358166000059,-1.7043173569999794],[29.349372488000029,-1.7043035209999289],[29.349380290000056,-1.7042506479999702],[29.34938218800005,-1.7042419359999599]]]},"properties":{"OBJECTID":34,"parcel_num":296,"village":"Shusho","province":"Western","district":"Rubavu","sector":"Kanama","cell":"Mahoko","cell_code":"3030503","upi":"3/03/05/03/296","Land_Use":"Residential","Area":182,"Shape_Length":0.00050859875115168921,"Shape_Area":1.4823435646956482e-08}},{"type":"Feature","id":35,"geometry":{"type":"Polygon","coordinates":[[[29.34926114700005,-1.7054263189999688],[29.349258038000073,-1.7054091579999522],[29.349204495000038,-1.705409139999972],[29.349152205000053,-1.7054103169999735],[29.349124870000026,-1.7054150909999635],[29.349093967000044,-1.7054270399999609],[29.349042861000044,-1.7054425689999562],[29.349068960000068,-1.7055789079999499],[29.349108182000066,-1.7055657669999391],[29.349117677000038,-1.705602841999962],[29.349129555000047,-1.705618392999952],[29.349147381000023,-1.7056172019999281],[29.349159680000071,-1.7056822909999596],[29.349232935000032,-1.7056519119999507],[29.349272155000051,-1.7056447499999763],[29.349291187000063,-1.705592137999929],[29.34926114700005,-1.7054263189999688]]]},"properties":{"OBJECTID":35,"parcel_num":309,"village":"Shusho","province":"Western","district":"Rubavu","sector":"Kanama","cell":"Mahoko","cell_code":"3030503","upi":"3/03/05/03/309","Land_Use":"Residential","Area":581,"Shape_Length":0.00090334662607905087,"Shape_Area":4.7206939205063081e-08}},{"type":"Feature","id":36,"geometry":{"type":"Polygon","coordinates":[[[29.349423713000078,-1.7040056249999793],[29.349346440000033,-1.7039768839999283],[29.349300074000041,-1.7039672959999734],[29.34926439700007,-1.7039737349999768],[29.349241205000055,-1.7040325699999244],[29.349242977000074,-1.7040598309999382],[29.349245932000031,-1.7040819859999488],[29.349410645000034,-1.7041045989999475],[29.349423713000078,-1.7040056249999793]]]},"properties":{"OBJECTID":36,"parcel_num":291,"village":"Shusho","province":"Western","district":"Rubavu","sector":"Kanama","cell":"Mahoko","cell_code":"3030503","upi":"3/03/05/03/291","Land_Use":"Residential","Area":238,"Shape_Length":0.0005450469963407988,"Shape_Area":1.9326764878414237e-08}},{"type":"Feature","id":37,"geometry":{"type":"Polygon","coordinates":[[[29.349672141000042,-1.7029960199999437],[29.349583863000078,-1.7029481489999512],[29.34953461300006,-1.7030353499999364],[29.349526001000072,-1.7030687309999735],[29.349608132000071,-1.7031168819999607],[29.349628525000071,-1.7030796499999497],[29.349672141000042,-1.7029960199999437]]]},"properties":{"OBJECTID":37,"parcel_num":268,"village":"Shusho","province":"Western","district":"Rubavu","sector":"Kanama","cell":"Mahoko","cell_code":"3030503","upi":"3/03/05/03/268","Land_Use":"Residential","Area":169,"Shape_Length":0.00046702071023690527,"Shape_Area":1.3698929397937827e-08}},{"type":"Feature","id":38,"geometry":{"type":"Polygon","coordinates":[[[29.349998442000071,-1.7039900689999286],[29.34986542200005,-1.7039483869999685],[29.349855313000035,-1.7039890209999271],[29.349842218000049,-1.7040356779999684],[29.349830312000051,-1.7040847269999517],[29.349829114000045,-1.7041134409999472],[29.349913526000023,-1.7041266319999409],[29.349961290000067,-1.7041436979999389],[29.349968932000024,-1.7041076739999426],[29.349998442000071,-1.7039900689999286]]]},"properties":{"OBJECTID":38,"parcel_num":285,"village":"Shusho","province":"Western","district":"Rubavu","sector":"Kanama","cell":"Mahoko","cell_code":"3030503","upi":"3/03/05/03/285","Land_Use":"Residential","Area":276,"Shape_Length":0.00060317666473493059,"Shape_Area":2.2403704879231924e-08}},{"type":"Feature","id":39,"geometry":{"type":"Polygon","coordinates":[[[29.348594624000043,-1.7030229109999482],[29.348535637000055,-1.7030173269999409],[29.348440929000049,-1.7030177909999793],[29.348445455000046,-1.7030595689999473],[29.34844834300003,-1.7030874069999413],[29.348534941000025,-1.7030892159999667],[29.348598948000074,-1.7030929819999301],[29.34859721600003,-1.7030410189999543],[29.348594624000043,-1.7030229109999482]]]},"properties":{"OBJECTID":39,"parcel_num":254,"village":"Shusho","province":"Western","district":"Rubavu","sector":"Kanama","cell":"Mahoko","cell_code":"3030503","upi":"3/03/05/03/254","Land_Use":"Residential","Area":133,"Shape_Length":0.0004449887164151091,"Shape_Area":1.0817236622997669e-08}},{"type":"Feature","id":40,"geometry":{"type":"Polygon","coordinates":[[[29.348553781000078,-1.7041742069999373],[29.348654692000025,-1.7041381599999568],[29.348726009000075,-1.7040983219999362],[29.348768804000031,-1.7040616629999477],[29.348670560000073,-1.7040680079999788],[29.348623023000073,-1.7040711809999607],[29.348548414000049,-1.7040960019999716],[29.348553781000078,-1.7041742069999373]]]},"properties":{"OBJECTID":40,"parcel_num":235,"village":"Shusho","province":"Western","district":"Rubavu","sector":"Kanama","cell":"Mahoko","cell_code":"3030503","upi":"3/03/05/03/235","Land_Use":"Residential","Area":153,"Shape_Length":0.00054830514288599559,"Shape_Area":1.242692061689508e-08}},{"type":"Feature","id":41,"geometry":{"type":"Polygon","coordinates":[[[29.349817416000064,-1.7035403429999292],[29.349762727000041,-1.7035295569999676],[29.349719235000066,-1.7036274199999752],[29.349712753000063,-1.7036420049999492],[29.349690718000033,-1.7036730249999437],[29.349777086000074,-1.7036864249999439],[29.349860310000054,-1.7036960249999424],[29.349853652000036,-1.7037325449999798],[29.350066292000065,-1.7037196769999241],[29.350073651000059,-1.7036903489999418],[29.350095742000065,-1.7036269599999514],[29.349954120000064,-1.7036193549999439],[29.349917272000027,-1.7035918239999432],[29.349859024000068,-1.7035571079999272],[29.349817416000064,-1.7035403429999292]]]},"properties":{"OBJECTID":41,"parcel_num":281,"village":"Shusho","province":"Western","district":"Rubavu","sector":"Kanama","cell":"Mahoko","cell_code":"3030503","upi":"3/03/05/03/281","Land_Use":"Residential","Area":563,"Shape_Length":0.00103602869013771,"Shape_Area":4.5737567562892747e-08}},{"type":"Feature","id":42,"geometry":{"type":"Polygon","coordinates":[[[29.348893405000069,-1.7046002479999629],[29.348892154000055,-1.7045659409999416],[29.348861330000034,-1.7045659299999443],[29.348781387000031,-1.7045733019999716],[29.348702077000041,-1.7045850099999598],[29.348626099000057,-1.704598983999972],[29.348642494000046,-1.7046845929999677],[29.348759092000023,-1.7046731499999623],[29.348762664000049,-1.7046492339999304],[29.348833976000037,-1.7046277329999384],[29.348831607000079,-1.7046038139999382],[29.348893405000069,-1.7046002479999629]]]},"properties":{"OBJECTID":42,"parcel_num":223,"village":"Shusho","province":"Western","district":"Rubavu","sector":"Kanama","cell":"Mahoko","cell_code":"3030503","upi":"3/03/05/03/223","Land_Use":"Residential","Area":230,"Shape_Length":0.00069178178274725388,"Shape_Area":1.8693769719818466e-08}},{"type":"Feature","id":43,"geometry":{"type":"Polygon","coordinates":[[[29.349998442000071,-1.7039900689999286],[29.350010233000035,-1.7039430819999666],[29.349966562000077,-1.7039516589999266],[29.34986542200005,-1.7039483869999685],[29.349998442000071,-1.7039900689999286]]]},"properties":{"OBJECTID":43,"parcel_num":286,"village":"Shusho","province":"Western","district":"Rubavu","sector":"Kanama","cell":"Mahoko","cell_code":"3030503","upi":"3/03/05/03/286","Land_Use":"Residential","Area":35,"Shape_Length":0.00033353971546732709,"Shape_Area":2.8656569548531283e-09}},{"type":"Feature","id":44,"geometry":{"type":"Polygon","coordinates":[[[29.34837449500003,-1.7020457929999679],[29.348309302000075,-1.7020031469999708],[29.348259223000071,-1.7020250729999589],[29.348277020000069,-1.7021135739999522],[29.348281723000071,-1.7021330739999598],[29.348324062000074,-1.7021232579999719],[29.348368059000052,-1.7021065219999514],[29.348363955000025,-1.702089224999952],[29.348354999000037,-1.7020514809999554],[29.34837449500003,-1.7020457929999679]]]},"properties":{"OBJECTID":44,"parcel_num":329,"village":"Shusho","province":"Western","district":"Rubavu","sector":"Kanama","cell":"Mahoko","cell_code":"3030503","upi":"3/03/05/03/329","Land_Use":"Residential","Area":122,"Shape_Length":0.00041031557471659546,"Shape_Area":9.9095639419071195e-09}},{"type":"Feature","id":45,"geometry":{"type":"Polygon","coordinates":[[[29.349163818000079,-1.7062187329999574],[29.349157887000047,-1.7061828549999518],[29.349112749000028,-1.7061194589999786],[29.349043084000073,-1.7060276719999479],[29.348990364000031,-1.7060596229999305],[29.34892261300007,-1.7060942809999347],[29.348878641000056,-1.7060966569999323],[29.348829064000029,-1.7061011689999646],[29.348846078000065,-1.7062048579999782],[29.348857791000057,-1.7062851919999389],[29.348978405000025,-1.7062796599999501],[29.349018804000025,-1.7062693819999595],[29.349072298000067,-1.706255773999942],[29.349141234000058,-1.7062294889999521],[29.349163818000079,-1.7062187329999574]]]},"properties":{"OBJECTID":45,"parcel_num":203,"village":"Shusho","province":"Western","district":"Rubavu","sector":"Kanama","cell":"Mahoko","cell_code":"3030503","upi":"3/03/05/03/203","Land_Use":"Residential","Area":698,"Shape_Length":0.000963659490113835,"Shape_Area":5.6706750138582305e-08}},{"type":"Feature","id":46,"geometry":{"type":"Polygon","coordinates":[[[29.349068960000068,-1.7055789079999499],[29.349042861000044,-1.7054425689999562],[29.348995321000075,-1.7054545119999602],[29.348964419000026,-1.7054640679999693],[29.348908563000066,-1.7054676359999803],[29.348862215000054,-1.7054676209999684],[29.348802794000051,-1.7054711879999331],[29.348759056000063,-1.7054738139999586],[29.348778541000058,-1.7056045049999398],[29.348781132000056,-1.7056436409999378],[29.348885923000068,-1.7056458139999791],[29.348902319000047,-1.7056449949999433],[29.348908369000071,-1.7056426269999747],[29.348927523000043,-1.7056290859999308],[29.349021416000028,-1.70560280899997],[29.349068960000068,-1.7055789079999499]]]},"properties":{"OBJECTID":46,"parcel_num":211,"village":"Shusho","province":"Western","district":"Rubavu","sector":"Kanama","cell":"Mahoko","cell_code":"3030503","upi":"3/03/05/03/211","Land_Use":"Residential","Area":580,"Shape_Length":0.00089909559110923571,"Shape_Area":4.7166007100491776e-08}},{"type":"Feature","id":47,"geometry":{"type":"Polygon","coordinates":[[[29.34966414400003,-1.7032292169999437],[29.349601136000047,-1.7032088559999465],[29.349592288000053,-1.7031856829999583],[29.349545228000068,-1.7032901949999655],[29.349459637000052,-1.7032458979999774],[29.349435869000047,-1.7033095469999466],[29.349470219000068,-1.7033169349999753],[29.349476492000065,-1.7033186129999649],[29.349522622000052,-1.7033344559999364],[29.349583259000042,-1.7033356729999696],[29.349637956000038,-1.7033237269999404],[29.349656980000077,-1.7033201439999743],[29.349692651000055,-1.7033153699999275],[29.349714050000046,-1.7033201629999439],[29.349744732000033,-1.7032765569999242],[29.34966414400003,-1.7032292169999437]]]},"properties":{"OBJECTID":47,"parcel_num":273,"village":"Shusho","province":"Western","district":"Rubavu","sector":"Kanama","cell":"Mahoko","cell_code":"3030503","upi":"3/03/05/03/273","Land_Use":"Residential","Area":282,"Shape_Length":0.00080105442990191619,"Shape_Area":2.2913710287345147e-08}},{"type":"Feature","id":48,"geometry":{"type":"Polygon","coordinates":[[[29.34866740800004,-1.7040185769999425],[29.348657751000076,-1.7039796489999617],[29.348655917000031,-1.7039663439999799],[29.348541555000054,-1.7039675099999272],[29.348542594000037,-1.703982817999929],[29.348548414000049,-1.7040960019999716],[29.348623023000073,-1.7040711809999607],[29.348670560000073,-1.7040680079999788],[29.34866740800004,-1.7040185769999425]]]},"properties":{"OBJECTID":48,"parcel_num":236,"village":"Shusho","province":"Western","district":"Rubavu","sector":"Kanama","cell":"Mahoko","cell_code":"3030503","upi":"3/03/05/03/236","Land_Use":"Residential","Area":166,"Shape_Length":0.00047238703173778184,"Shape_Area":1.3452480213494344e-08}},{"type":"Feature","id":49,"geometry":{"type":"Polygon","coordinates":[[[29.349714050000046,-1.7033201629999439],[29.349692651000055,-1.7033153699999275],[29.349675991000026,-1.7033560429999284],[29.349671227000044,-1.703381166999975],[29.349666451000076,-1.7034409879999544],[29.349659302000077,-1.7034864499999571],[29.349660474000075,-1.7035378969999329],[29.349641432000055,-1.7035905339999431],[29.349609317000045,-1.7036288089999516],[29.349641420000069,-1.7036264269999606],[29.349719235000066,-1.7036274199999752],[29.349762727000041,-1.7035295569999676],[29.349752032000026,-1.7035128029999669],[29.349768690000076,-1.7034757189999254],[29.349762765000037,-1.7034158949999778],[29.349758024000039,-1.7033728209999595],[29.349752085000034,-1.7033560689999376],[29.34972950100007,-1.7033345259999351],[29.349714050000046,-1.7033201629999439]]]},"properties":{"OBJECTID":49,"parcel_num":276,"village":"Shusho","province":"Western","district":"Rubavu","sector":"Kanama","cell":"Mahoko","cell_code":"3030503","upi":"3/03/05/03/276","Land_Use":"Residential","Area":345,"Shape_Length":0.00080605117640794924,"Shape_Area":2.8069631523191983e-08}},{"type":"Feature","id":50,"geometry":{"type":"Polygon","coordinates":[[[29.349666121000041,-1.7055440999999405],[29.349650102000055,-1.7055408369999441],[29.349616831000048,-1.7055276709999703],[29.349579995000056,-1.7055133089999686],[29.349533656000062,-1.7054893749999565],[29.349492071000043,-1.7054606599999715],[29.349467126000036,-1.7054271669999252],[29.349412457000028,-1.7054343239999525],[29.349383936000038,-1.7054331179999735],[29.349381546000075,-1.7054725809999809],[29.349382712000079,-1.705539549999969],[29.349326857000051,-1.7055395309999426],[29.349325659000044,-1.7055694279999329],[29.349317323000037,-1.7056208479999668],[29.349311372000045,-1.7056447629999525],[29.349326803000054,-1.7056985829999576],[29.349323226000024,-1.705735653999966],[29.349327738000056,-1.7058086949999733],[29.349349337000035,-1.7058373119999715],[29.349388676000046,-1.7058694589999277],[29.349389737000024,-1.705854067999951],[29.349414692000039,-1.7058576639999501],[29.349465799000029,-1.7058421349999549],[29.349495510000054,-1.7058361669999726],[29.349513339000055,-1.7058301929999402],[29.349569188000032,-1.7058481489999622],[29.349597711000058,-1.7058433759999616],[29.349626316000069,-1.7058361899999568],[29.349635620000072,-1.7057746109999243],[29.349640418000035,-1.7056406749999269],[29.349666121000041,-1.7055440999999405]]]},"properties":{"OBJECTID":50,"parcel_num":312,"village":"Shusho","province":"Western","district":"Rubavu","sector":"Kanama","cell":"Mahoko","cell_code":"3030503","upi":"3/03/05/03/312","Land_Use":"Residential","Area":1398,"Shape_Length":0.0013983717080632348,"Shape_Area":1.1361887611648514e-07}},{"type":"Feature","id":51,"geometry":{"type":"Polygon","coordinates":[[[29.348813761000031,-1.7047997219999615],[29.348808967000025,-1.7047823659999608],[29.348741227000062,-1.7047847349999756],[29.348664079000059,-1.7047972009999626],[29.348673029000054,-1.7048438929999747],[29.34868382600007,-1.7049028219999514],[29.348764661000075,-1.7048965559999374],[29.348788722000052,-1.7049103179999747],[29.348844546000066,-1.7049111759999391],[29.348813761000031,-1.7047997219999615]]]},"properties":{"OBJECTID":51,"parcel_num":217,"village":"Shusho","province":"Western","district":"Rubavu","sector":"Kanama","cell":"Mahoko","cell_code":"3030503","upi":"3/03/05/03/217","Land_Use":"Residential","Area":220,"Shape_Length":0.00055164220896287682,"Shape_Area":1.7852462538409219e-08}},{"type":"Feature","id":52,"geometry":{"type":"Polygon","coordinates":[[[29.348455508000029,-1.7020998299999519],[29.348442170000055,-1.7020900609999785],[29.348412931000041,-1.7020709349999379],[29.348386853000079,-1.702107739999974],[29.348400157000071,-1.7021184969999581],[29.348415603000035,-1.7021508069999527],[29.348455508000029,-1.7020998299999519]]]},"properties":{"OBJECTID":52,"parcel_num":331,"village":"Shusho","province":"Western","district":"Rubavu","sector":"Kanama","cell":"Mahoko","cell_code":"3030503","upi":"3/03/05/03/331","Land_Use":"Residential","Area":32,"Shape_Length":0.00021423842552430975,"Shape_Area":2.6357906305164578e-09}},{"type":"Feature","id":53,"geometry":{"type":"Polygon","coordinates":[[[29.349003507000077,-1.7058503489999453],[29.348998761000075,-1.7058240389999355],[29.348995208000076,-1.7057953749999797],[29.348922710000068,-1.7058045789999596],[29.348901653000041,-1.7058180829999401],[29.348873978000029,-1.7058275829999729],[29.348794006000048,-1.7058380939999438],[29.348796277000076,-1.7058723869999426],[29.348805174000063,-1.7059380489999398],[29.348881081000059,-1.7059089059999337],[29.348923870000078,-1.7058921769999529],[29.348947646000056,-1.7058670719999327],[29.349003507000077,-1.7058503489999453]]]},"properties":{"OBJECTID":53,"parcel_num":205,"village":"Shusho","province":"Western","district":"Rubavu","sector":"Kanama","cell":"Mahoko","cell_code":"3030503","upi":"3/03/05/03/205","Land_Use":"Residential","Area":199,"Shape_Length":0.00058440258440910881,"Shape_Area":1.6203227001630925e-08}},{"type":"Feature","id":54,"geometry":{"type":"Polygon","coordinates":[[[29.350089236000031,-1.7031943339999316],[29.350039772000059,-1.703169791999926],[29.349855579000064,-1.7030937909999579],[29.349824648000038,-1.7031750609999676],[29.349810392000052,-1.7032125159999509],[29.34978660400003,-1.7032364379999763],[29.349744732000033,-1.7032765569999242],[29.349714050000046,-1.7033201629999439],[29.34972950100007,-1.7033345259999351],[29.349752085000034,-1.7033560689999376],[29.349758024000039,-1.7033728209999595],[29.349762765000037,-1.7034158949999778],[29.349768690000076,-1.7034757189999254],[29.349752032000026,-1.7035128029999669],[29.349762727000041,-1.7035295569999676],[29.349817416000064,-1.7035403429999292],[29.349842400000057,-1.7034948869999766],[29.349897106000071,-1.7034530299999346],[29.349924457000043,-1.7034374859999275],[29.349983914000063,-1.7034099879999758],[29.350017210000033,-1.7033980349999638],[29.349981564000075,-1.703326236999942],[29.349998219000042,-1.7032987239999784],[29.350026765000052,-1.7032676259999562],[29.350089236000031,-1.7031943339999316]]]},"properties":{"OBJECTID":54,"parcel_num":277,"village":"Shusho","province":"Western","district":"Rubavu","sector":"Kanama","cell":"Mahoko","cell_code":"3030503","upi":"3/03/05/03/277","Land_Use":"Residential","Area":1048,"Shape_Length":0.0013202894223211851,"Shape_Area":8.518612110000171e-08}},{"type":"Feature","id":55,"geometry":{"type":"Polygon","coordinates":[[[29.349245254000039,-1.7041106429999786],[29.349178393000045,-1.704102063999926],[29.34911065600005,-1.7040960609999729],[29.349061932000041,-1.7040936529999726],[29.349036977000026,-1.7040900569999735],[29.348989322000079,-1.7040946349999331],[29.348997637000025,-1.7041445959999351],[29.349011182000027,-1.7042259789999434],[29.349042084000075,-1.7042188139999439],[29.349082492000036,-1.7042092599999705],[29.349119330000065,-1.7042164479999542],[29.349146654000037,-1.7042451589999246],[29.349190014000044,-1.7042989879999482],[29.349222858000076,-1.7042994689999773],[29.349225087000036,-1.7042523609999307],[29.349237492000043,-1.7041883939999707],[29.349242943000036,-1.7041602839999541],[29.349245254000039,-1.7041106429999786]]]},"properties":{"OBJECTID":55,"parcel_num":294,"village":"Shusho","province":"Western","district":"Rubavu","sector":"Kanama","cell":"Mahoko","cell_code":"3030503","upi":"3/03/05/03/294","Land_Use":"Residential","Area":422,"Shape_Length":0.00083346032206235666,"Shape_Area":3.4274459018865711e-08}},{"type":"Feature","id":56,"geometry":{"type":"Polygon","coordinates":[[[29.348729097000046,-1.7030876099999546],[29.348731180000073,-1.702970961999938],[29.34858779700005,-1.7029752009999584],[29.348594624000043,-1.7030229109999482],[29.34859721600003,-1.7030410189999543],[29.348598948000074,-1.7030929819999301],[29.348600284000042,-1.7030926969999314],[29.348601734000056,-1.7030924819999314],[29.348628237000071,-1.7030821909999645],[29.348697106000031,-1.703086012999961],[29.348729097000046,-1.7030876099999546]]]},"properties":{"OBJECTID":56,"parcel_num":258,"village":"Shusho","province":"Western","district":"Rubavu","sector":"Kanama","cell":"Mahoko","cell_code":"3030503","upi":"3/03/05/03/258","Land_Use":"Residential","Area":188,"Shape_Length":0.00051086122739598002,"Shape_Area":1.5255286425256605e-08}},{"type":"Feature","id":57,"geometry":{"type":"Polygon","coordinates":[[[29.348787474000062,-1.7029692969999246],[29.34880533200004,-1.7028987129999678],[29.348786313000062,-1.7028855459999477],[29.348719742000071,-1.7028496309999355],[29.348597273000053,-1.7028711239999552],[29.348592253000049,-1.7028873399999611],[29.348580609000066,-1.7029249579999259],[29.34858779700005,-1.7029752009999584],[29.348731180000073,-1.702970961999938],[29.348787474000062,-1.7029692969999246]]]},"properties":{"OBJECTID":57,"parcel_num":257,"village":"Shusho","province":"Western","district":"Rubavu","sector":"Kanama","cell":"Mahoko","cell_code":"3030503","upi":"3/03/05/03/257","Land_Use":"Residential","Area":278,"Shape_Length":0.0006027949028066166,"Shape_Area":2.2586286885366955e-08}},{"type":"Feature","id":58,"geometry":{"type":"Polygon","coordinates":[[[29.349750033000078,-1.7052575539999566],[29.349702945000047,-1.7052477529999805],[29.34969817700005,-1.7052848409999797],[29.349739928000076,-1.7052919899999779],[29.349750033000078,-1.7052575539999566]]]},"properties":{"OBJECTID":58,"parcel_num":313,"village":"Shusho","province":"Western","district":"Rubavu","sector":"Kanama","cell":"Mahoko","cell_code":"3030503","upi":"3/03/05/03/313","Land_Use":"Residential","Area":20,"Shape_Length":0.00016373706133858689,"Shape_Area":1.6515544978650046e-09}},{"type":"Feature","id":59,"geometry":{"type":"Polygon","coordinates":[[[29.348909418000062,-1.7030838879999806],[29.348898958000063,-1.7030864449999399],[29.348869303000072,-1.7030936959999394],[29.348825795000039,-1.703092432999938],[29.348729097000046,-1.7030876099999546],[29.348697106000031,-1.703086012999961],[29.348628237000071,-1.7030821909999645],[29.348601734000056,-1.7030924819999314],[29.348600284000042,-1.7030926969999314],[29.348598948000074,-1.7030929819999301],[29.348534941000025,-1.7030892159999667],[29.34844834300003,-1.7030874069999413],[29.34845825900004,-1.7031829589999461],[29.348608625000054,-1.7031837589999554],[29.348679966000077,-1.7031766049999533],[29.348760812000023,-1.703185006999945],[29.348897722000061,-1.7032056669999633],[29.348897384000054,-1.7031856819999689],[29.348897512000065,-1.7031541909999532],[29.34889951200006,-1.7031395949999251],[29.348901345000058,-1.7031151139999565],[29.348905331000026,-1.7030991429999744],[29.348909418000062,-1.7030838879999806]]]},"properties":{"OBJECTID":59,"parcel_num":5796,"village":"Shusho","province":"Western","district":"Rubavu","sector":"Kanama","cell":"Mahoko","cell_code":"3030503","upi":"3/03/05/03/5796","Land_Use":"Residential","Area":535,"Shape_Length":0.0011255327644069586,"Shape_Area":4.3474127920255538e-08}},{"type":"Feature","id":60,"geometry":{"type":"Polygon","coordinates":[[[29.349318409000034,-1.702766621999956],[29.34929248800006,-1.7027467879999563],[29.349191523000059,-1.7028550129999758],[29.349218863000033,-1.7028741649999688],[29.349197451000066,-1.7029064619999303],[29.349170094000044,-1.7029375599999526],[29.349154107000061,-1.7029613679999329],[29.349193147000051,-1.7029744779999305],[29.349214545000052,-1.70298764599994],[29.349237173000063,-1.7029574519999642],[29.349225261000072,-1.7029409889999556],[29.349260948000051,-1.7028883569999493],[29.349316025000064,-1.7028202939999346],[29.349293791000036,-1.7028024049999431],[29.349318409000034,-1.702766621999956]]]},"properties":{"OBJECTID":60,"parcel_num":318,"village":"Shusho","province":"Western","district":"Rubavu","sector":"Kanama","cell":"Mahoko","cell_code":"3030503","upi":"3/03/05/03/318","Land_Use":"Residential","Area":174,"Shape_Length":0.00067035110850186528,"Shape_Area":1.4143897659805161e-08}},{"type":"Feature","id":61,"geometry":{"type":"Polygon","coordinates":[[[29.349204333000046,-1.7051404149999598],[29.349205695000023,-1.7051159639999582],[29.349083375000077,-1.7051185009999585],[29.348987115000057,-1.7051172719999386],[29.348858764000056,-1.7051279909999266],[29.348800532000041,-1.7051303629999666],[29.348720658000047,-1.7051353589999394],[29.348738058000038,-1.7052717539999662],[29.348815936000051,-1.7052655019999747],[29.348914578000063,-1.7052499889999808],[29.348958548000041,-1.7052523959999348],[29.348965660000033,-1.7053074089999427],[29.348973198000067,-1.7053548289999299],[29.348981362000075,-1.7053521669999441],[29.34902863700006,-1.7053337389999683],[29.349164120000069,-1.7053182389999506],[29.349234243000069,-1.7052967369999692],[29.34924019400006,-1.7052716259999556],[29.34921999900007,-1.7052465049999341],[29.349197433000029,-1.7052058379999266],[29.349187932000063,-1.7051890919999551],[29.349204333000046,-1.7051404149999598]]]},"properties":{"OBJECTID":61,"parcel_num":214,"village":"Shusho","province":"Western","district":"Rubavu","sector":"Kanama","cell":"Mahoko","cell_code":"3030503","upi":"3/03/05/03/214","Land_Use":"Residential","Area":1022,"Shape_Length":0.0014174218521458139,"Shape_Area":8.3039478820129957e-08}},{"type":"Feature","id":62,"geometry":{"type":"Polygon","coordinates":[[[29.348679348000076,-1.7027598839999314],[29.348631791000059,-1.702753884999936],[29.348634183000058,-1.7027132069999311],[29.348627060000069,-1.7026832939999395],[29.348615174000031,-1.702672520999954],[29.348592594000024,-1.7026414069999305],[29.34857020000004,-1.702618303999941],[29.348559306000027,-1.7026306269999623],[29.348537904000068,-1.7026354059999562],[29.34851769100004,-1.7026342019999561],[29.348493908000023,-1.7026473549999537],[29.348478443000033,-1.7026724749999289],[29.348490318000074,-1.7027167479999434],[29.348387617000071,-1.7027360889999272],[29.348400388000073,-1.702784501999929],[29.348410662000049,-1.7028076339999529],[29.348539038000069,-1.7027969249999728],[29.348592253000049,-1.7028873399999611],[29.348597273000053,-1.7028711239999552],[29.348719742000071,-1.7028496309999355],[29.348702474000049,-1.7028229419999548],[29.348688214000049,-1.7027990079999427],[29.348679348000076,-1.7027598839999314]]]},"properties":{"OBJECTID":62,"parcel_num":323,"village":"Shusho","province":"Western","district":"Rubavu","sector":"Kanama","cell":"Mahoko","cell_code":"3030503","upi":"3/03/05/03/323","Land_Use":"Residential","Area":509,"Shape_Length":0.0010219339750981368,"Shape_Area":4.1369653148378888e-08}},{"type":"Feature","id":63,"geometry":{"type":"Polygon","coordinates":[[[29.349209392000034,-1.704982212999937],[29.349215346000051,-1.7049451429999749],[29.349221295000063,-1.7049260109999409],[29.349217745000033,-1.7048817629999462],[29.349119105000057,-1.7048865119999732],[29.349103652000053,-1.7048996619999457],[29.349092953000024,-1.7049104209999655],[29.349065618000054,-1.7049151949999555],[29.349038283000027,-1.7049185199999783],[29.349029521000034,-1.7049192429999493],[29.348937271000068,-1.7049115649999749],[29.348868344000039,-1.7049115409999445],[29.348844546000066,-1.7049111759999391],[29.348788722000052,-1.7049103179999747],[29.348791084000027,-1.7049533699999415],[29.348778008000068,-1.7049617369999623],[29.348695519000046,-1.7049666489999709],[29.348707429000058,-1.7050316569999495],[29.348720658000047,-1.7051353589999394],[29.348800532000041,-1.7051303629999666],[29.348858764000056,-1.7051279909999266],[29.348987115000057,-1.7051172719999386],[29.349083375000077,-1.7051185009999585],[29.349205695000023,-1.7051159639999582],[29.34921054800003,-1.7050778839999339],[29.349203432000024,-1.7050360259999593],[29.349207007000075,-1.7050073259999294],[29.349209392000034,-1.704982212999937]]]},"properties":{"OBJECTID":63,"parcel_num":215,"village":"Shusho","province":"Western","district":"Rubavu","sector":"Kanama","cell":"Mahoko","cell_code":"3030503","upi":"3/03/05/03/215","Land_Use":"Residential","Area":1284,"Shape_Length":0.0014740182346314864,"Shape_Area":1.0433197384074123e-07}},{"type":"Feature","id":64,"geometry":{"type":"Polygon","coordinates":[[[29.348902319000047,-1.7056449949999433],[29.348885923000068,-1.7056458139999791],[29.348781132000056,-1.7056436409999378],[29.348785543000076,-1.705710268999951],[29.348916420000023,-1.7057092959999522],[29.348917993000043,-1.7056741599999441],[29.34890017500004,-1.7056745209999349],[29.348902319000047,-1.7056449949999433]]]},"properties":{"OBJECTID":64,"parcel_num":210,"village":"Shusho","province":"Western","district":"Rubavu","sector":"Kanama","cell":"Mahoko","cell_code":"3030503","upi":"3/03/05/03/210","Land_Use":"Residential","Area":101,"Shape_Length":0.00040148102838018717,"Shape_Area":8.2237713874395946e-09}},{"type":"Feature","id":65,"geometry":{"type":"Polygon","coordinates":[[[29.349742167000045,-1.7031383269999765],[29.349824648000038,-1.7031750609999676],[29.349855579000064,-1.7030937909999579],[29.349842432000059,-1.7030883669999639],[29.349780285000065,-1.7030546649999678],[29.349742167000045,-1.7031383269999765]]]},"properties":{"OBJECTID":65,"parcel_num":5195,"village":"Shusho","province":"Western","district":"Rubavu","sector":"Kanama","cell":"Mahoko","cell_code":"3030503","upi":"3/03/05/03/5195","Land_Use":"Residential","Area":96,"Shape_Length":0.00035410377256281259,"Shape_Area":7.7620534276666561e-09}},{"type":"Feature","id":66,"geometry":{"type":"Polygon","coordinates":[[[29.349029521000034,-1.7049192429999493],[29.349038298000039,-1.7048753479999732],[29.349033577000057,-1.7047772849999774],[29.348976533000041,-1.7047808529999315],[29.34891710900007,-1.7047903999999789],[29.348902533000057,-1.7047929829999475],[29.348876701000052,-1.7047975619999534],[29.348813761000031,-1.7047997219999615],[29.348844546000066,-1.7049111759999391],[29.348868344000039,-1.7049115409999445],[29.348937271000068,-1.7049115649999749],[29.349029521000034,-1.7049192429999493]]]},"properties":{"OBJECTID":66,"parcel_num":218,"village":"Shusho","province":"Western","district":"Rubavu","sector":"Kanama","cell":"Mahoko","cell_code":"3030503","upi":"3/03/05/03/218","Land_Use":"Residential","Area":317,"Shape_Length":0.00066522105729524246,"Shape_Area":2.5798678909629762e-08}},{"type":"Feature","id":67,"geometry":{"type":"Polygon","coordinates":[[[29.348966970000049,-1.7057550339999352],[29.348976206000032,-1.7057546689999299],[29.348997595000071,-1.7057594609999569],[29.349021047000065,-1.7057699089999687],[29.349074851000069,-1.7057283939999479],[29.349099490000071,-1.7057139039999356],[29.349085412000079,-1.7056956179999361],[29.349059500000067,-1.7056998059999273],[29.349052293000057,-1.7056673969999565],[29.349014260000047,-1.7056769509999299],[29.348964946000024,-1.7056737659999612],[29.348966395000048,-1.7057310739999707],[29.348966570000073,-1.7057382049999319],[29.348966970000049,-1.7057550339999352]]]},"properties":{"OBJECTID":67,"parcel_num":5608,"village":"Shusho","province":"Western","district":"Rubavu","sector":"Kanama","cell":"Mahoko","cell_code":"3030503","upi":"3/03/05/03/5608","Land_Use":"Residential","Area":109,"Shape_Length":0.00040582992636999663,"Shape_Area":8.8219406484941041e-09}},{"type":"Feature","id":68,"geometry":{"type":"Polygon","coordinates":[[[29.349609317000045,-1.7036288089999516],[29.349641432000055,-1.7035905339999431],[29.349660474000075,-1.7035378969999329],[29.349659302000077,-1.7034864499999571],[29.349666451000076,-1.7034409879999544],[29.349671227000044,-1.703381166999975],[29.349675991000026,-1.7033560429999284],[29.349692651000055,-1.7033153699999275],[29.349656980000077,-1.7033201439999743],[29.349637956000038,-1.7033237269999404],[29.349583259000042,-1.7033356729999696],[29.349522622000052,-1.7033344559999364],[29.349476492000065,-1.7033186129999649],[29.349456015000044,-1.7034098089999361],[29.349466711000048,-1.7034241699999484],[29.349472648000074,-1.703448099999946],[29.349461937000058,-1.7034768109999732],[29.349467872000048,-1.7035067239999648],[29.349465484000063,-1.7035366339999314],[29.349453586000038,-1.7035617559999423],[29.349420974000054,-1.7036039819999473],[29.349457136000069,-1.703612006999947],[29.349505880000038,-1.703625183999975],[29.349545106000051,-1.703652715999965],[29.34958909900007,-1.7036491419999606],[29.349609317000045,-1.7036288089999516]]]},"properties":{"OBJECTID":68,"parcel_num":274,"village":"Shusho","province":"Western","district":"Rubavu","sector":"Kanama","cell":"Mahoko","cell_code":"3030503","upi":"3/03/05/03/274","Land_Use":"Residential","Area":751,"Shape_Length":0.00107030894563399,"Shape_Area":6.1003171264314016e-08}},{"type":"Feature","id":69,"geometry":{"type":"Polygon","coordinates":[[[29.348774680000076,-1.7045253479999474],[29.348763468000072,-1.7044449599999325],[29.348761549000074,-1.7044303879999347],[29.348600583000064,-1.7044560939999656],[29.348615481000024,-1.7045395199999689],[29.348629967000079,-1.7045395939999253],[29.348759299000051,-1.7045327649999535],[29.348774680000076,-1.7045253479999474]]]},"properties":{"OBJECTID":69,"parcel_num":5141,"village":"Shusho","province":"Western","district":"Rubavu","sector":"Kanama","cell":"Mahoko","cell_code":"3030503","upi":"3/03/05/03/5141","Land_Use":"Residential","Area":186,"Shape_Length":0.00050468967706804356,"Shape_Area":1.5088762649995426e-08}},{"type":"Feature","id":70,"geometry":{"type":"Polygon","coordinates":[[[29.348711417000061,-1.7039057809999463],[29.348693592000075,-1.703904578999925],[29.34868291500004,-1.7038459769999577],[29.348650048000025,-1.7038519059999544],[29.348595619000037,-1.7038666099999773],[29.348535193000032,-1.7038737649999689],[29.348541555000054,-1.7039675099999272],[29.348655917000031,-1.7039663439999799],[29.348728037000058,-1.7039572089999524],[29.348711417000061,-1.7039057809999463]]]},"properties":{"OBJECTID":70,"parcel_num":242,"village":"Shusho","province":"Western","district":"Rubavu","sector":"Kanama","cell":"Mahoko","cell_code":"3030503","upi":"3/03/05/03/242","Land_Use":"Residential","Area":216,"Shape_Length":0.000563129665424106,"Shape_Area":1.7585835087001308e-08}},{"type":"Feature","id":71,"geometry":{"type":"Polygon","coordinates":[[[29.348868190000076,-1.7040903129999379],[29.34885556200004,-1.704048936999925],[29.348853380000037,-1.7040241399999445],[29.348822939000058,-1.7040373249999448],[29.348768804000031,-1.7040616629999477],[29.348726009000075,-1.7040983219999362],[29.348654692000025,-1.7041381599999568],[29.348553781000078,-1.7041742069999373],[29.348555593000071,-1.7042004709999787],[29.348562711000056,-1.7042363499999738],[29.348566083000037,-1.7042559539999615],[29.348605932000055,-1.7042413869999677],[29.348657040000035,-1.704223466999963],[29.348722413000075,-1.7041888079999694],[29.348768773000074,-1.704152947999944],[29.348805624000079,-1.7041230639999299],[29.348834151000062,-1.7041063309999345],[29.348860236000064,-1.7040942439999753],[29.348868190000076,-1.7040903129999379]]]},"properties":{"OBJECTID":71,"parcel_num":234,"village":"Shusho","province":"Western","district":"Rubavu","sector":"Kanama","cell":"Mahoko","cell_code":"3030503","upi":"3/03/05/03/234","Land_Use":"Residential","Area":313,"Shape_Length":0.00083600179353379256,"Shape_Area":2.5427283976481992e-08}},{"type":"Feature","id":72,"geometry":{"type":"Polygon","coordinates":[[[29.348580609000066,-1.7029249579999259],[29.348504523000031,-1.7029021999999259],[29.348468855000078,-1.7028997949999507],[29.348428142000046,-1.7028997809999282],[29.348440929000049,-1.7030177909999793],[29.348535637000055,-1.7030173269999409],[29.348594624000043,-1.7030229109999482],[29.34858779700005,-1.7029752009999584],[29.348580609000066,-1.7029249579999259]]]},"properties":{"OBJECTID":72,"parcel_num":255,"village":"Shusho","province":"Western","district":"Rubavu","sector":"Kanama","cell":"Mahoko","cell_code":"3030503","upi":"3/03/05/03/255","Land_Use":"Residential","Area":208,"Shape_Length":0.00052748979699469779,"Shape_Area":1.6874587584985092e-08}},{"type":"Feature","id":73,"geometry":{"type":"Polygon","coordinates":[[[29.348887425000044,-1.7047150499999475],[29.348799473000042,-1.704743720999943],[29.348768573000029,-1.7047496899999715],[29.348761463000073,-1.7046863059999282],[29.348759092000023,-1.7046731499999623],[29.348642494000046,-1.7046845929999677],[29.348664079000059,-1.7047972009999626],[29.348741227000062,-1.7047847349999756],[29.348808967000025,-1.7047823659999608],[29.348813761000031,-1.7047997219999615],[29.348876701000052,-1.7047975619999534],[29.348902533000057,-1.7047929829999475],[29.348887425000044,-1.7047150499999475]]]},"properties":{"OBJECTID":73,"parcel_num":219,"village":"Shusho","province":"Western","district":"Rubavu","sector":"Kanama","cell":"Mahoko","cell_code":"3030503","upi":"3/03/05/03/219","Land_Use":"Residential","Area":249,"Shape_Length":0.00076547580872901133,"Shape_Area":2.0206388764827371e-08}},{"type":"Feature","id":74,"geometry":{"type":"Polygon","coordinates":[[[29.349772908000034,-1.7051772749999259],[29.349704168000073,-1.705148448999978],[29.349614999000039,-1.7051364549999448],[29.349587651000036,-1.7051436229999695],[29.349542455000062,-1.7051902689999565],[29.349506779000023,-1.7052082039999732],[29.349467576000052,-1.7052423779999799],[29.349461579000035,-1.7052656179999417],[29.349467517000051,-1.7052895479999393],[29.349504370000034,-1.7053015259999711],[29.349542418000055,-1.70530034199993],[29.349614941000027,-1.7053099379999708],[29.349617312000078,-1.7053326719999404],[29.349662491000061,-1.7053374719999397],[29.349722482000061,-1.7053514449999625],[29.349739928000076,-1.7052919899999779],[29.34969817700005,-1.7052848409999797],[29.349702945000047,-1.7052477529999805],[29.349750033000078,-1.7052575539999566],[29.349770980000073,-1.7051849989999255],[29.349772908000034,-1.7051772749999259]]]},"properties":{"OBJECTID":74,"parcel_num":308,"village":"Shusho","province":"Western","district":"Rubavu","sector":"Kanama","cell":"Mahoko","cell_code":"3030503","upi":"3/03/05/03/308","Land_Use":"Residential","Area":513,"Shape_Length":0.000951477604957511,"Shape_Area":4.1669986224660141e-08}},{"type":"Feature","id":75,"geometry":{"type":"Polygon","coordinates":[[[29.348611926000046,-1.7022209459999544],[29.348585210000067,-1.7021991389999584],[29.348509362000073,-1.7023174959999778],[29.34852968000007,-1.702337489999934],[29.348554656000033,-1.7023159629999327],[29.348611926000046,-1.7022209459999544]]]},"properties":{"OBJECTID":75,"parcel_num":333,"village":"Shusho","province":"Western","district":"Rubavu","sector":"Kanama","cell":"Mahoko","cell_code":"3030503","upi":"3/03/05/03/333","Land_Use":"Residential","Area":61,"Shape_Length":0.00034748148135023752,"Shape_Area":4.9843518772203077e-09}},{"type":"Feature","id":76,"geometry":{"type":"Polygon","coordinates":[[[29.348982197000055,-1.703744080999968],[29.348974114000043,-1.703724096999963],[29.34894084900003,-1.7036953849999463],[29.348924203000024,-1.7037216879999733],[29.348928947000047,-1.7037491949999435],[29.348925374000032,-1.7037719159999369],[29.348919413000033,-1.7038281199999687],[29.348896833000026,-1.7038293079999676],[29.348869493000052,-1.7038496279999436],[29.348789857000043,-1.7038890649999416],[29.348711417000061,-1.7039057809999463],[29.348728037000058,-1.7039572089999524],[29.348730669000076,-1.7039787959999444],[29.348796957000047,-1.7039787579999484],[29.34880170200006,-1.7040038729999765],[29.348822939000058,-1.7040373249999448],[29.348853380000037,-1.7040241399999445],[29.348850826000046,-1.703995119999945],[29.348856776000048,-1.7039700089999315],[29.348852050000062,-1.7038910799999485],[29.348948311000072,-1.7038875249999705],[29.349020920000044,-1.7039043909999805],[29.349018795000063,-1.7038970109999809],[29.349003786000026,-1.7038413029999333],[29.349003802000027,-1.7037922719999301],[29.348987177000026,-1.7037563899999668],[29.348982197000055,-1.703744080999968]]]},"properties":{"OBJECTID":76,"parcel_num":239,"village":"Shusho","province":"Western","district":"Rubavu","sector":"Kanama","cell":"Mahoko","cell_code":"3030503","upi":"3/03/05/03/239","Land_Use":"Residential","Area":394,"Shape_Length":0.0011423485124778434,"Shape_Area":3.2015861830959298e-08}},{"type":"Feature","id":77,"geometry":{"type":"Polygon","coordinates":[[[29.349020920000044,-1.7039043909999805],[29.348948311000072,-1.7038875249999705],[29.348852050000062,-1.7038910799999485],[29.348856776000048,-1.7039700089999315],[29.348850826000046,-1.703995119999945],[29.348853380000037,-1.7040241399999445],[29.348877756000036,-1.7040158579999343],[29.348932429000058,-1.7039979389999758],[29.348962135000079,-1.7040063199999622],[29.349000019000073,-1.7040026169999578],[29.348990666000077,-1.7039812159999315],[29.348989483000025,-1.7039632769999571],[29.349006124000027,-1.703954911999972],[29.349009694000074,-1.7039405629999465],[29.349020396000071,-1.7039214319999587],[29.349020920000044,-1.7039043909999805]]]},"properties":{"OBJECTID":77,"parcel_num":240,"village":"Shusho","province":"Western","district":"Rubavu","sector":"Kanama","cell":"Mahoko","cell_code":"3030503","upi":"3/03/05/03/240","Land_Use":"Residential","Area":216,"Shape_Length":0.00057080196177883985,"Shape_Area":1.7564580758789237e-08}},{"type":"Feature","id":78,"geometry":{"type":"Polygon","coordinates":[[[29.349467576000052,-1.7052423779999799],[29.349422354000069,-1.7052344969999353],[29.349401357000033,-1.705237545999978],[29.349393802000066,-1.7052423299999759],[29.349364084000058,-1.7052667809999775],[29.349318903000039,-1.7052679619999367],[29.34927609600004,-1.7052823049999688],[29.34924019400006,-1.7052716259999556],[29.349234243000069,-1.7052967369999692],[29.34924373900003,-1.7053302249999547],[29.349258038000073,-1.7054091579999522],[29.34926114700005,-1.7054263189999688],[29.349383936000038,-1.7054331179999735],[29.349412457000028,-1.7054343239999525],[29.349467126000036,-1.7054271669999252],[29.349492071000043,-1.7054606599999715],[29.349533656000062,-1.7054893749999565],[29.349579995000056,-1.7055133089999686],[29.349616831000048,-1.7055276709999703],[29.349650102000055,-1.7055408369999441],[29.349666121000041,-1.7055440999999405],[29.349667869000029,-1.7055378629999609],[29.349722482000061,-1.7053514449999625],[29.349662491000061,-1.7053374719999397],[29.349617312000078,-1.7053326719999404],[29.349614941000027,-1.7053099379999708],[29.349542418000055,-1.70530034199993],[29.349504370000034,-1.7053015259999711],[29.349467517000051,-1.7052895479999393],[29.349461579000035,-1.7052656179999417],[29.349467576000052,-1.7052423779999799]]]},"properties":{"OBJECTID":78,"parcel_num":307,"village":"Shusho","province":"Western","district":"Rubavu","sector":"Kanama","cell":"Mahoko","cell_code":"3030503","upi":"3/03/05/03/307","Land_Use":"Residential","Area":1002,"Shape_Length":0.0013726433691140141,"Shape_Area":8.1402003640987115e-08}},{"type":"Feature","id":79,"geometry":{"type":"Polygon","coordinates":[[[29.349420974000054,-1.7036039819999473],[29.349372730000027,-1.7035820669999566],[29.34935370900007,-1.7035760789999586],[29.349324960000047,-1.7035494489999792],[29.349265512000045,-1.7035494279999739],[29.349227464000023,-1.7035506119999582],[29.349209629000029,-1.7035553909999521],[29.349181747000046,-1.7035820219999778],[29.349240733000045,-1.7036466309999696],[29.349270444000069,-1.7036861229999545],[29.349288271000034,-1.7037076649999676],[29.349254938000058,-1.7038368689999288],[29.349228759000027,-1.7038978789999533],[29.349178079000069,-1.7039492889999792],[29.34926439700007,-1.7039737349999768],[29.349300074000041,-1.7039672959999734],[29.349346440000033,-1.7039768839999283],[29.349423713000078,-1.7040056249999793],[29.349498518000075,-1.7040181969999253],[29.349516447000042,-1.7040212099999508],[29.349549741000033,-1.7040128459999551],[29.349567575000037,-1.7040128519999485],[29.349603301000059,-1.7038429699999256],[29.349653277000073,-1.7037257359999671],[29.349690718000033,-1.7036730249999437],[29.349712753000063,-1.7036420049999492],[29.349719235000066,-1.7036274199999752],[29.349641420000069,-1.7036264269999606],[29.349609317000045,-1.7036288089999516],[29.34958909900007,-1.7036491419999606],[29.349545106000051,-1.703652715999965],[29.349505880000038,-1.703625183999975],[29.349457136000069,-1.703612006999947],[29.349420974000054,-1.7036039819999473]]]},"properties":{"OBJECTID":79,"parcel_num":275,"village":"Shusho","province":"Western","district":"Rubavu","sector":"Kanama","cell":"Mahoko","cell_code":"3030503","upi":"3/03/05/03/275","Land_Use":"Residential","Area":1879,"Shape_Length":0.0018434778450730168,"Shape_Area":1.5272937606987996e-07}},{"type":"Feature","id":80,"geometry":{"type":"Polygon","coordinates":[[[29.349214545000052,-1.70298764599994],[29.349193147000051,-1.7029744779999305],[29.349154107000061,-1.7029613679999329],[29.349142639000036,-1.7029864779999571],[29.349137250000069,-1.7030223159999309],[29.349122975000057,-1.7030462409999245],[29.349130101000071,-1.703068974999951],[29.349141986000063,-1.7030845329999806],[29.349140119000026,-1.7030989929999691],[29.349141601000042,-1.7031139479999524],[29.349141294000049,-1.7031420649999518],[29.349155559000053,-1.7031504449999488],[29.34927514900005,-1.7030857749999768],[29.349254945000041,-1.7030594459999406],[29.349214545000052,-1.70298764599994]]]},"properties":{"OBJECTID":80,"parcel_num":262,"village":"Shusho","province":"Western","district":"Rubavu","sector":"Kanama","cell":"Mahoko","cell_code":"3030503","upi":"3/03/05/03/262","Land_Use":"Residential","Area":203,"Shape_Length":0.00052721651884705121,"Shape_Area":1.6506278617583989e-08}},{"type":"Feature","id":81,"geometry":{"type":"Polygon","coordinates":[[[29.34852968000007,-1.702337489999934],[29.348509362000073,-1.7023174959999778],[29.348498593000045,-1.7023343009999508],[29.348503519000076,-1.70235183799997],[29.348518959000046,-1.7023997009999334],[29.348526084000071,-1.7024272209999367],[29.348501086000056,-1.7025133559999404],[29.348552136000023,-1.7025385589999473],[29.348615008000024,-1.7025695989999576],[29.348622502000069,-1.7025726969999369],[29.348686538000038,-1.7025923849999458],[29.348832856000058,-1.7023993869999572],[29.348803517000079,-1.702377328999944],[29.348755250000067,-1.7023379319999776],[29.348678267000025,-1.7024392369999646],[29.348633093000046,-1.7024176869999792],[29.348602186000051,-1.7024009259999389],[29.348580791000074,-1.7023841679999805],[29.348551075000046,-1.7023590329999365],[29.34852968000007,-1.702337489999934]]]},"properties":{"OBJECTID":81,"parcel_num":335,"village":"Shusho","province":"Western","district":"Rubavu","sector":"Kanama","cell":"Mahoko","cell_code":"3030503","upi":"3/03/05/03/335","Land_Use":"Residential","Area":577,"Shape_Length":0.001087350271253005,"Shape_Area":4.6876843046249603e-08}},{"type":"Feature","id":82,"geometry":{"type":"Polygon","coordinates":[[[29.349597878000054,-1.706009283999947],[29.349539428000071,-1.7059952329999533],[29.349487143000033,-1.7059820599999398],[29.349445554000056,-1.7059676949999698],[29.349408720000042,-1.7059473529999423],[29.34938388300003,-1.7059390639999492],[29.349382571000035,-1.7059581069999581],[29.349383750000072,-1.7059844159999784],[29.349403945000063,-1.706008340999972],[29.349399184000049,-1.706031060999976],[29.349380163000035,-1.7060489929999676],[29.349349259000064,-1.7060693119999542],[29.349324290000027,-1.7061063749999335],[29.349289808000037,-1.7061601789999372],[29.349247006000041,-1.706216369999936],[29.349202920000039,-1.7062723689999757],[29.349230340000076,-1.706301271999962],[29.349252912000054,-1.7063263929999266],[29.349273102000041,-1.7063622759999362],[29.349303989000077,-1.7063993579999419],[29.349318037000046,-1.7064112409999552],[29.349407257000053,-1.7063377909999531],[29.349494037000056,-1.7062588929999265],[29.349536835000038,-1.7062110719999737],[29.349582042000065,-1.7060711699999729],[29.349597878000054,-1.706009283999947]]]},"properties":{"OBJECTID":82,"parcel_num":317,"village":"Shusho","province":"Western","district":"Rubavu","sector":"Kanama","cell":"Mahoko","cell_code":"3030503","upi":"3/03/05/03/317","Land_Use":"Residential","Area":1130,"Shape_Length":0.0013292434753374815,"Shape_Area":9.1872346851954276e-08}},{"type":"Feature","id":83,"geometry":{"type":"Polygon","coordinates":[[[29.349383936000038,-1.7054331179999735],[29.34926114700005,-1.7054263189999688],[29.349291187000063,-1.705592137999929],[29.349272155000051,-1.7056447499999763],[29.349311372000045,-1.7056447629999525],[29.349317323000037,-1.7056208479999668],[29.349325659000044,-1.7055694279999329],[29.349326857000051,-1.7055395309999426],[29.349382712000079,-1.705539549999969],[29.349381546000075,-1.7054725809999809],[29.349383936000038,-1.7054331179999735]]]},"properties":{"OBJECTID":83,"parcel_num":310,"village":"Shusho","province":"Western","district":"Rubavu","sector":"Kanama","cell":"Mahoko","cell_code":"3030503","upi":"3/03/05/03/310","Land_Use":"Residential","Area":198,"Shape_Length":0.0006556867859653303,"Shape_Area":1.6067143593117242e-08}},{"type":"Feature","id":84,"geometry":{"type":"Polygon","coordinates":[[[29.349583863000078,-1.7029481489999512],[29.34951049700004,-1.7029083629999491],[29.349458312000024,-1.702987167999936],[29.34945353300003,-1.7030553629999758],[29.349451148000071,-1.7030768979999493],[29.349439249000056,-1.7031056089999765],[29.349419036000029,-1.7031056019999369],[29.349408405000077,-1.7031200859999558],[29.34938216200004,-1.7031558389999759],[29.349346478000029,-1.7031988989999718],[29.349317929000051,-1.7032419609999465],[29.349341698000046,-1.7032718799999316],[29.349376170000028,-1.7032958209999265],[29.349403737000046,-1.7033021109999709],[29.349435869000047,-1.7033095469999466],[29.349459637000052,-1.7032458979999774],[29.349488189000056,-1.7031956569999807],[29.349435882000023,-1.7031729069999528],[29.349452539000026,-1.7031382159999566],[29.349502470000061,-1.7031573759999787],[29.349504859000035,-1.7031238759999496],[29.349517945000059,-1.7030999519999455],[29.349526001000072,-1.7030687309999735],[29.34953461300006,-1.7030353499999364],[29.349583863000078,-1.7029481489999512]]]},"properties":{"OBJECTID":84,"parcel_num":267,"village":"Shusho","province":"Western","district":"Rubavu","sector":"Kanama","cell":"Mahoko","cell_code":"3030503","upi":"3/03/05/03/267","Land_Use":"Residential","Area":453,"Shape_Length":0.0011330961736130056,"Shape_Area":3.6785146159590631e-08}},{"type":"Feature","id":85,"geometry":{"type":"Polygon","coordinates":[[[29.349507990000063,-1.7044344809999643],[29.349469839000051,-1.7044286119999583],[29.34940851600004,-1.7044302639999387],[29.349408025000059,-1.7044776209999668],[29.349416335000058,-1.7045027369999275],[29.349416313000063,-1.7045673149999629],[29.349412627000049,-1.7045889939999483],[29.34943889300007,-1.7045685189999631],[29.349453157000028,-1.7045601519999423],[29.349554172000069,-1.7045565989999432],[29.34957010200003,-1.7044456559999617],[29.349539950000064,-1.7044393989999662],[29.349507990000063,-1.7044344809999643]]]},"properties":{"OBJECTID":85,"parcel_num":301,"village":"Shusho","province":"Western","district":"Rubavu","sector":"Kanama","cell":"Mahoko","cell_code":"3030503","upi":"3/03/05/03/301","Land_Use":"Residential","Area":237,"Shape_Length":0.00058645707014689499,"Shape_Area":1.9240167093904676e-08}},{"type":"Feature","id":86,"geometry":{"type":"Polygon","coordinates":[[[29.348973198000067,-1.7053548289999299],[29.348965660000033,-1.7053074089999427],[29.348958548000041,-1.7052523959999348],[29.348914578000063,-1.7052499889999808],[29.348815936000051,-1.7052655019999747],[29.348738058000038,-1.7052717539999662],[29.348749586000054,-1.7053910199999791],[29.348817086000054,-1.7053791099999671],[29.348880074000078,-1.7053707609999265],[29.348931180000079,-1.7053576239999302],[29.348973198000067,-1.7053548289999299]]]},"properties":{"OBJECTID":86,"parcel_num":213,"village":"Shusho","province":"Western","district":"Rubavu","sector":"Kanama","cell":"Mahoko","cell_code":"3030503","upi":"3/03/05/03/213","Land_Use":"Residential","Area":309,"Shape_Length":0.00067228670609436605,"Shape_Area":2.5132582265553567e-08}},{"type":"Feature","id":87,"geometry":{"type":"Polygon","coordinates":[[[29.349824648000038,-1.7031750609999676],[29.349703752000039,-1.7031212199999572],[29.349700852000069,-1.7031274359999315],[29.349678432000076,-1.7031705959999499],[29.34966414400003,-1.7032292169999437],[29.349744732000033,-1.7032765569999242],[29.34978660400003,-1.7032364379999763],[29.349810392000052,-1.7032125159999509],[29.349824648000038,-1.7031750609999676]]]},"properties":{"OBJECTID":87,"parcel_num":272,"village":"Shusho","province":"Western","district":"Rubavu","sector":"Kanama","cell":"Mahoko","cell_code":"3030503","upi":"3/03/05/03/272","Land_Use":"Residential","Area":182,"Shape_Length":0.00047344128893019358,"Shape_Area":1.4754880723857372e-08}},{"type":"Feature","id":88,"geometry":{"type":"Polygon","coordinates":[[[29.349343760000068,-1.7027860189999728],[29.349318409000034,-1.702766621999956],[29.349293791000036,-1.7028024049999431],[29.349316025000064,-1.7028202939999346],[29.349343760000068,-1.7027860189999728]]]},"properties":{"OBJECTID":88,"parcel_num":324,"village":"Shusho","province":"Western","district":"Rubavu","sector":"Kanama","cell":"Mahoko","cell_code":"3030503","upi":"3/03/05/03/324","Land_Use":"Residential","Area":16,"Shape_Length":0.00014798197664355359,"Shape_Area":1.3214359725821969e-09}},{"type":"Feature","id":89,"geometry":{"type":"Polygon","coordinates":[[[29.349077135000073,-1.7060070339999243],[29.349018946000058,-1.7058790549999685],[29.349003507000077,-1.7058503489999453],[29.348947646000056,-1.7058670719999327],[29.348923870000078,-1.7058921769999529],[29.348881081000059,-1.7059089059999337],[29.348805174000063,-1.7059380489999398],[29.34881880100005,-1.7060386219999373],[29.348829064000029,-1.7061011689999646],[29.348878641000056,-1.7060966569999323],[29.34892261300007,-1.7060942809999347],[29.348990364000031,-1.7060596229999305],[29.349043084000073,-1.7060276719999479],[29.349077135000073,-1.7060070339999243]]]},"properties":{"OBJECTID":89,"parcel_num":204,"village":"Shusho","province":"Western","district":"Rubavu","sector":"Kanama","cell":"Mahoko","cell_code":"3030503","upi":"3/03/05/03/204","Land_Use":"Residential","Area":541,"Shape_Length":0.00082957838081594343,"Shape_Area":4.3987709422703626e-08}},{"type":"Feature","id":90,"geometry":{"type":"Polygon","coordinates":[[[29.348686538000038,-1.7025923849999458],[29.348622502000069,-1.7025726969999369],[29.348615008000024,-1.7025695989999576],[29.34857020000004,-1.702618303999941],[29.348592594000024,-1.7026414069999305],[29.348615174000031,-1.702672520999954],[29.348627060000069,-1.7026832939999395],[29.348634183000058,-1.7027132069999311],[29.348631791000059,-1.702753884999936],[29.348679348000076,-1.7027598839999314],[29.348773312000048,-1.7026534329999663],[29.348756671000046,-1.7026390699999752],[29.348736462000033,-1.7026282939999646],[29.34870436500006,-1.70261512299993],[29.348686538000038,-1.7025923849999458]]]},"properties":{"OBJECTID":90,"parcel_num":325,"village":"Shusho","province":"Western","district":"Rubavu","sector":"Kanama","cell":"Mahoko","cell_code":"3030503","upi":"3/03/05/03/325","Land_Use":"Residential","Area":248,"Shape_Length":0.00059783855042859436,"Shape_Area":2.0135443040902871e-08}},{"type":"Feature","id":91,"geometry":{"type":"Polygon","coordinates":[[[29.34893571300006,-1.702476719999936],[29.348832856000058,-1.7023993869999572],[29.348686538000038,-1.7025923849999458],[29.34870436500006,-1.70261512299993],[29.348736462000033,-1.7026282939999646],[29.348756671000046,-1.7026390699999752],[29.348773312000048,-1.7026534329999663],[29.348830976000045,-1.7025797979999311],[29.348848249000071,-1.702557742999943],[29.348862513000029,-1.7025685159999284],[29.34893571300006,-1.702476719999936]]]},"properties":{"OBJECTID":91,"parcel_num":336,"village":"Shusho","province":"Western","district":"Rubavu","sector":"Kanama","cell":"Mahoko","cell_code":"3030503","upi":"3/03/05/03/336","Land_Use":"Residential","Area":349,"Shape_Length":0.00073617441919275671,"Shape_Area":2.8333540260430705e-08}},{"type":"Feature","id":92,"geometry":{"type":"Polygon","coordinates":[[[29.34913298500004,-1.7034303119999663],[29.349084134000066,-1.7034112439999376],[29.349040150000064,-1.7033884969999349],[29.348997356000041,-1.7033621609999727],[29.348937914000032,-1.7033441939999534],[29.348866583000074,-1.7033226339999601],[29.348775050000029,-1.7032711549999249],[29.34872987500006,-1.7032567829999721],[29.348701340000048,-1.7032543809999652],[29.348670428000048,-1.7032519769999794],[29.348649031000036,-1.7032412019999583],[29.348561045000054,-1.7032483509999565],[29.348464708000051,-1.703245107999976],[29.348472419000075,-1.7033194199999571],[29.348575291000031,-1.703314159999934],[29.348606204000077,-1.7033141709999313],[29.348637116000077,-1.7033153769999672],[29.348663270000031,-1.7033249579999392],[29.348676342000033,-1.7033464979999735],[29.348679902000072,-1.7033656419999375],[29.348673724000037,-1.7033912489999352],[29.348695350000071,-1.7033907719999775],[29.348791650000067,-1.7034075549999557],[29.34882731600004,-1.7034171399999423],[29.34888081400004,-1.703433906999976],[29.348934307000036,-1.703463835999969],[29.348986604000061,-1.7035141049999538],[29.349022263000052,-1.7035428309999361],[29.349059116000035,-1.7035583979999274],[29.349098352000055,-1.7035572149999325],[29.349138780000033,-1.7035464609999735],[29.349164942000073,-1.7035345049999364],[29.349179222000032,-1.7034974199999624],[29.349179239000023,-1.7034483669999645],[29.34913298500004,-1.7034303119999663]]]},"properties":{"OBJECTID":92,"parcel_num":248,"village":"Shusho","province":"Western","district":"Rubavu","sector":"Kanama","cell":"Mahoko","cell_code":"3030503","upi":"3/03/05/03/248","Land_Use":"Residential","Area":992,"Shape_Length":0.0017282480863011836,"Shape_Area":8.0592907782503799e-08}},{"type":"Feature","id":93,"geometry":{"type":"Polygon","coordinates":[[[29.349318037000046,-1.7064112409999552],[29.349303989000077,-1.7063993579999419],[29.349273102000041,-1.7063622759999362],[29.349252912000054,-1.7063263929999266],[29.349230340000076,-1.706301271999962],[29.349202920000039,-1.7062723689999757],[29.349145959000055,-1.7063143969999714],[29.349123530000043,-1.7063236589999633],[29.349209396000049,-1.7064922919999503],[29.349241726000059,-1.7064740639999627],[29.349318037000046,-1.7064112409999552]]]},"properties":{"OBJECTID":93,"parcel_num":316,"village":"Shusho","province":"Western","district":"Rubavu","sector":"Kanama","cell":"Mahoko","cell_code":"3030503","upi":"3/03/05/03/316","Land_Use":"Residential","Area":261,"Shape_Length":0.00060169350765365396,"Shape_Area":2.1208254967686519e-08}},{"type":"Feature","id":94,"geometry":{"type":"Polygon","coordinates":[[[29.349129555000047,-1.705618392999952],[29.349117677000038,-1.705602841999962],[29.349108182000066,-1.7055657669999391],[29.349068960000068,-1.7055789079999499],[29.349021416000028,-1.70560280899997],[29.348927523000043,-1.7056290859999308],[29.348908369000071,-1.7056426269999747],[29.348902319000047,-1.7056449949999433],[29.34890017500004,-1.7056745209999349],[29.348917993000043,-1.7056741599999441],[29.348958406000065,-1.7056733439999334],[29.349014260000047,-1.7056769509999299],[29.349052293000057,-1.7056673969999565],[29.34908082000004,-1.7056506649999505],[29.349129555000047,-1.705618392999952]]]},"properties":{"OBJECTID":94,"parcel_num":209,"village":"Shusho","province":"Western","district":"Rubavu","sector":"Kanama","cell":"Mahoko","cell_code":"3030503","upi":"3/03/05/03/209","Land_Use":"Residential","Area":167,"Shape_Length":0.0005544280526565995,"Shape_Area":1.3579353399788924e-08}},{"type":"Feature","id":95,"geometry":{"type":"Polygon","coordinates":[[[29.349408405000077,-1.7031200859999558],[29.349419036000029,-1.7031056019999369],[29.349439249000056,-1.7031056089999765],[29.349451148000071,-1.7030768979999493],[29.34945353300003,-1.7030553629999758],[29.349458312000024,-1.702987167999936],[29.349420482000028,-1.7030053999999382],[29.349396698000078,-1.7030197489999637],[29.349382424000055,-1.7030400839999515],[29.349371708000035,-1.703084348999937],[29.349384782000072,-1.7030987099999493],[29.349408405000077,-1.7031200859999558]]]},"properties":{"OBJECTID":95,"parcel_num":266,"village":"Shusho","province":"Western","district":"Rubavu","sector":"Kanama","cell":"Mahoko","cell_code":"3030503","upi":"3/03/05/03/266","Land_Use":"Residential","Area":89,"Shape_Length":0.00035072703785483657,"Shape_Area":7.2081528723090461e-09}},{"type":"Feature","id":96,"geometry":{"type":"Polygon","coordinates":[[[29.348412931000041,-1.7020709349999379],[29.34837449500003,-1.7020457929999679],[29.348354999000037,-1.7020514809999554],[29.348363955000025,-1.702089224999952],[29.348386853000079,-1.702107739999974],[29.348412931000041,-1.7020709349999379]]]},"properties":{"OBJECTID":96,"parcel_num":330,"village":"Shusho","province":"Western","district":"Rubavu","sector":"Kanama","cell":"Mahoko","cell_code":"3030503","upi":"3/03/05/03/330","Land_Use":"Residential","Area":25,"Shape_Length":0.00017958379190772622,"Shape_Area":2.0233714229372277e-09}},{"type":"Feature","id":97,"geometry":{"type":"Polygon","coordinates":[[[29.349317929000051,-1.7032419609999465],[29.349237059000075,-1.7032113879999429],[29.349155559000053,-1.7031504449999488],[29.34916146300003,-1.7032736799999384],[29.34913298500004,-1.7034303119999663],[29.349179239000023,-1.7034483669999645],[29.349179222000032,-1.7034974199999624],[29.349220838000065,-1.7034902559999523],[29.349256509000043,-1.703481892999946],[29.349302391000037,-1.7034848329999477],[29.349338085000056,-1.7034094689999506],[29.349376170000028,-1.7032958209999265],[29.349341698000046,-1.7032718799999316],[29.349317929000051,-1.7032419609999465]]]},"properties":{"OBJECTID":97,"parcel_num":250,"village":"Shusho","province":"Western","district":"Rubavu","sector":"Kanama","cell":"Mahoko","cell_code":"3030503","upi":"3/03/05/03/250","Land_Use":"Residential","Area":640,"Shape_Length":0.00097777719462923741,"Shape_Area":5.2032625079180147e-08}},{"type":"Feature","id":98,"geometry":{"type":"Polygon","coordinates":[[[29.349209396000049,-1.7064922919999503],[29.349123530000043,-1.7063236589999633],[29.349079400000051,-1.7063418799999681],[29.349049427000068,-1.7063523599999257],[29.349024726000039,-1.706360995999944],[29.348977188000049,-1.7063681539999607],[29.348904696000034,-1.7063657379999313],[29.348868974000027,-1.7063619009999798],[29.348875720000024,-1.7064081669999496],[29.348914864000051,-1.7066258299999504],[29.348982607000039,-1.7066126979999581],[29.349114543000042,-1.7065457739999488],[29.349209396000049,-1.7064922919999503]]]},"properties":{"OBJECTID":98,"parcel_num":200,"village":"Shusho","province":"Western","district":"Rubavu","sector":"Kanama","cell":"Mahoko","cell_code":"3030503","upi":"3/03/05/03/200","Land_Use":"Residential","Area":795,"Shape_Length":0.0010451770617512771,"Shape_Area":6.458049853008065e-08}},{"type":"Feature","id":99,"geometry":{"type":"Polygon","coordinates":[[[29.348592253000049,-1.7028873399999611],[29.348539038000069,-1.7027969249999728],[29.348410662000049,-1.7028076339999529],[29.348420575000034,-1.702829951999945],[29.348428142000046,-1.7028997809999282],[29.348468855000078,-1.7028997949999507],[29.348504523000031,-1.7029021999999259],[29.348580609000066,-1.7029249579999259],[29.348592253000049,-1.7028873399999611]]]},"properties":{"OBJECTID":99,"parcel_num":256,"village":"Shusho","province":"Western","district":"Rubavu","sector":"Kanama","cell":"Mahoko","cell_code":"3030503","upi":"3/03/05/03/256","Land_Use":"Residential","Area":193,"Shape_Length":0.00052365059095185902,"Shape_Area":1.5685244155536716e-08}},{"type":"Feature","id":100,"geometry":{"type":"Polygon","coordinates":[[[29.348498593000045,-1.7023343009999508],[29.34848570500003,-1.7022884199999453],[29.34847256300003,-1.7022675509999772],[29.348407233000046,-1.7022931799999697],[29.348324419000051,-1.7023157999999512],[29.348333979000074,-1.7023647269999742],[29.348351785000034,-1.7024209389999783],[29.348361217000047,-1.702528473999962],[29.348411911000028,-1.7025240939999549],[29.348455904000048,-1.7025181269999621],[29.348501086000056,-1.7025133559999404],[29.348526084000071,-1.7024272209999367],[29.348518959000046,-1.7023997009999334],[29.348503519000076,-1.70235183799997],[29.348498593000045,-1.7023343009999508]]]},"properties":{"OBJECTID":100,"parcel_num":327,"village":"Shusho","province":"Western","district":"Rubavu","sector":"Kanama","cell":"Mahoko","cell_code":"3030503","upi":"3/03/05/03/327","Land_Use":"Residential","Area":464,"Shape_Length":0.00077244469148569363,"Shape_Area":3.7752131262854816e-08}},{"type":"Feature","id":101,"geometry":{"type":"Polygon","coordinates":[[[29.349741456000061,-1.7030336079999415],[29.349672141000042,-1.7029960199999437],[29.349628525000071,-1.7030796499999497],[29.349608132000071,-1.7031168819999607],[29.349583317000054,-1.7031621889999542],[29.349592288000053,-1.7031856829999583],[29.349601136000047,-1.7032088559999465],[29.34966414400003,-1.7032292169999437],[29.349678432000076,-1.7031705959999499],[29.349700852000069,-1.7031274359999315],[29.349703752000039,-1.7031212199999572],[29.349741456000061,-1.7030336079999415]]]},"properties":{"OBJECTID":101,"parcel_num":270,"village":"Shusho","province":"Western","district":"Rubavu","sector":"Kanama","cell":"Mahoko","cell_code":"3030503","upi":"3/03/05/03/270","Land_Use":"Residential","Area":227,"Shape_Length":0.00059466184144352154,"Shape_Area":1.8439887890801977e-08}},{"type":"Feature","id":102,"geometry":{"type":"Polygon","coordinates":[[[29.349382756000068,-1.7059622179999678],[29.349304644000028,-1.7059586539999714],[29.349210122000045,-1.7059608019999359],[29.349118060000023,-1.7059772899999643],[29.349077135000073,-1.7060070339999243],[29.349043084000073,-1.7060276719999479],[29.349099016000025,-1.7061013639999487],[29.349099287000058,-1.7061012519999394],[29.349238748000062,-1.7060658749999789],[29.349369410000065,-1.7060558169999354],[29.349369703000036,-1.7060558699999433],[29.349380163000035,-1.7060489929999676],[29.349399184000049,-1.706031060999976],[29.349403945000063,-1.706008340999972],[29.349383750000072,-1.7059844159999784],[29.349382756000068,-1.7059622179999678]]]},"properties":{"OBJECTID":102,"parcel_num":5186,"village":"Shusho","province":"Western","district":"Rubavu","sector":"Kanama","cell":"Mahoko","cell_code":"3030503","upi":"3/03/05/03/5186","Land_Use":"Residential","Area":421,"Shape_Length":0.0008401093831615097,"Shape_Area":3.4236372776671557e-08}},{"type":"Feature","id":103,"geometry":{"type":"Polygon","coordinates":[[[29.349000741000054,-1.7030864589999624],[29.349030990000074,-1.7029231559999403],[29.348948489000065,-1.7028931189999525],[29.34893609900007,-1.7029537939999386],[29.34890634900006,-1.7030315519999704],[29.348898958000063,-1.7030864449999399],[29.348909418000062,-1.7030838879999806],[29.348942193000028,-1.7030852639999807],[29.348967529000049,-1.703083979999974],[29.349000741000054,-1.7030864589999624]]]},"properties":{"OBJECTID":103,"parcel_num":261,"village":"Shusho","province":"Western","district":"Rubavu","sector":"Kanama","cell":"Mahoko","cell_code":"3030503","upi":"3/03/05/03/261","Land_Use":"Residential","Area":210,"Shape_Length":0.00055669483900146611,"Shape_Area":1.7091577500105129e-08}},{"type":"Feature","id":104,"geometry":{"type":"Polygon","coordinates":[[[29.349331667000058,-1.7029660569999692],[29.349289986000031,-1.7029200949999677],[29.349276372000077,-1.7029051489999461],[29.349260948000051,-1.7028883569999493],[29.349225261000072,-1.7029409889999556],[29.349237173000063,-1.7029574519999642],[29.349214545000052,-1.70298764599994],[29.349254945000041,-1.7030594459999406],[29.349269218000074,-1.7030438969999295],[29.349321549000024,-1.7029936639999619],[29.349331667000058,-1.7029660569999692]]]},"properties":{"OBJECTID":104,"parcel_num":263,"village":"Shusho","province":"Western","district":"Rubavu","sector":"Kanama","cell":"Mahoko","cell_code":"3030503","upi":"3/03/05/03/263","Land_Use":"Residential","Area":131,"Shape_Length":0.00043214095454113544,"Shape_Area":1.068383213848018e-08}},{"type":"Feature","id":105,"geometry":{"type":"Polygon","coordinates":[[[29.34929248800006,-1.7027467879999563],[29.349239727000054,-1.7027064169999448],[29.349149926000052,-1.7028047489999381],[29.349133263000056,-1.7028585829999656],[29.349129681000079,-1.7029028499999299],[29.349124574000029,-1.7029233749999548],[29.349123108000072,-1.7029316129999756],[29.349121341000057,-1.7029554899999653],[29.349101121000047,-1.7029770189999454],[29.349118288000057,-1.7029925959999446],[29.349142639000036,-1.7029864779999571],[29.349154107000061,-1.7029613679999329],[29.349170094000044,-1.7029375599999526],[29.349197451000066,-1.7029064619999303],[29.349218863000033,-1.7028741649999688],[29.349191523000059,-1.7028550129999758],[29.34929248800006,-1.7027467879999563]]]},"properties":{"OBJECTID":105,"parcel_num":319,"village":"Shusho","province":"Western","district":"Rubavu","sector":"Kanama","cell":"Mahoko","cell_code":"3030503","upi":"3/03/05/03/319","Land_Use":"Residential","Area":227,"Shape_Length":0.00074949195280444344,"Shape_Area":1.8433285305172437e-08}},{"type":"Feature","id":106,"geometry":{"type":"Polygon","coordinates":[[[29.348585210000067,-1.7021991389999584],[29.34853369700005,-1.7021570929999257],[29.348455508000029,-1.7020998299999519],[29.348415603000035,-1.7021508069999527],[29.348454809000032,-1.70223935599995],[29.34847256300003,-1.7022675509999772],[29.34848570500003,-1.7022884199999453],[29.348498593000045,-1.7023343009999508],[29.348509362000073,-1.7023174959999778],[29.348585210000067,-1.7021991389999584]]]},"properties":{"OBJECTID":106,"parcel_num":332,"village":"Shusho","province":"Western","district":"Rubavu","sector":"Kanama","cell":"Mahoko","cell_code":"3030503","upi":"3/03/05/03/332","Land_Use":"Residential","Area":230,"Shape_Length":0.00059116044049083855,"Shape_Area":1.8696344514836546e-08}},{"type":"Feature","id":107,"geometry":{"type":"Polygon","coordinates":[[[29.348791650000067,-1.7034075549999557],[29.348695350000071,-1.7033907719999775],[29.348673724000037,-1.7033912489999352],[29.348641846000078,-1.7033919509999578],[29.348556235000046,-1.7034086719999664],[29.34848280500006,-1.7034195089999571],[29.348484545000076,-1.7034362829999736],[29.348502191000023,-1.7035394819999397],[29.348607314000049,-1.703546279999955],[29.348642982000058,-1.7035510779999754],[29.348672717000056,-1.7035175879999542],[29.348700068000028,-1.7035020429999577],[29.348730983000053,-1.7034960709999609],[29.34877378300007,-1.703503264999938],[29.348791650000067,-1.7034075549999557]]]},"properties":{"OBJECTID":107,"parcel_num":246,"village":"Shusho","province":"Western","district":"Rubavu","sector":"Kanama","cell":"Mahoko","cell_code":"3030503","upi":"3/03/05/03/246","Land_Use":"Residential","Area":452,"Shape_Length":0.0008241109527462561,"Shape_Area":3.6719982925311088e-08}},{"type":"Feature","id":108,"geometry":{"type":"Polygon","coordinates":[[[29.348614431000044,-1.7036615739999661],[29.34852016800005,-1.703647584999942],[29.348527798000077,-1.7037614049999661],[29.348636599000031,-1.7037526829999479],[29.348614431000044,-1.7036615739999661]]]},"properties":{"OBJECTID":108,"parcel_num":244,"village":"Shusho","province":"Western","district":"Rubavu","sector":"Kanama","cell":"Mahoko","cell_code":"3030503","upi":"3/03/05/03/244","Land_Use":"Residential","Area":128,"Shape_Length":0.00041228795662596649,"Shape_Area":1.0364189095048264e-08}},{"type":"Feature","id":109,"geometry":{"type":"Polygon","coordinates":[[[29.348928947000047,-1.7037491949999435],[29.348868346000074,-1.7037276489999726],[29.348861211000042,-1.7037408009999808],[29.348832666000078,-1.7038089559999321],[29.348797015000059,-1.7038053559999753],[29.348754235000058,-1.7037993629999733],[29.348725713000078,-1.7038005489999364],[29.348712638000052,-1.7038077199999293],[29.348717381000029,-1.7038376179999659],[29.34868291500004,-1.7038459769999577],[29.348693592000075,-1.703904578999925],[29.348711417000061,-1.7039057809999463],[29.348789857000043,-1.7038890649999416],[29.348869493000052,-1.7038496279999436],[29.348896833000026,-1.7038293079999676],[29.348919413000033,-1.7038281199999687],[29.348925374000032,-1.7037719159999369],[29.348928947000047,-1.7037491949999435]]]},"properties":{"OBJECTID":109,"parcel_num":241,"village":"Shusho","province":"Western","district":"Rubavu","sector":"Kanama","cell":"Mahoko","cell_code":"3030503","upi":"3/03/05/03/241","Land_Use":"Residential","Area":254,"Shape_Length":0.00072409195207194348,"Shape_Area":2.0605655101126723e-08}},{"type":"Feature","id":110,"geometry":{"type":"Polygon","coordinates":[[[29.349239727000054,-1.7027064169999448],[29.349192674000051,-1.7026704119999749],[29.349170171000026,-1.7027102369999625],[29.349091654000063,-1.702844210999956],[29.349071431000027,-1.7028753119999465],[29.349064290000058,-1.7028992379999295],[29.349124574000029,-1.7029233749999548],[29.349129681000079,-1.7029028499999299],[29.349133263000056,-1.7028585829999656],[29.349149926000052,-1.7028047489999381],[29.349239727000054,-1.7027064169999448]]]},"properties":{"OBJECTID":110,"parcel_num":320,"village":"Shusho","province":"Western","district":"Rubavu","sector":"Kanama","cell":"Mahoko","cell_code":"3030503","upi":"3/03/05/03/320","Land_Use":"Residential","Area":145,"Shape_Length":0.00064236414483130372,"Shape_Area":1.1790728538390222e-08}},{"type":"Feature","id":111,"geometry":{"type":"Polygon","coordinates":[[[29.349830531000066,-1.7049403009999651],[29.349783408000064,-1.7049309859999653],[29.349745382000037,-1.7049226019999537],[29.349706165000043,-1.7049213929999496],[29.349674077000032,-1.7049249699999791],[29.349640796000074,-1.7049405049999677],[29.349594442000068,-1.704962013999932],[29.349557597000057,-1.7049739609999506],[29.349520747000042,-1.7050026489999368],[29.349474390000069,-1.7050301389999731],[29.34942684300006,-1.7050624109999717],[29.349385238000025,-1.7050946859999385],[29.349370889000056,-1.7050965639999731],[29.349371269000073,-1.7051136389999328],[29.349372447000064,-1.7051459429999341],[29.349401357000033,-1.705237545999978],[29.349422354000069,-1.7052344969999353],[29.349467576000052,-1.7052423779999799],[29.349506779000023,-1.7052082039999732],[29.349542455000062,-1.7051902689999565],[29.349587651000036,-1.7051436229999695],[29.349614999000039,-1.7051364549999448],[29.349704168000073,-1.705148448999978],[29.349772908000034,-1.7051772749999259],[29.349798674000056,-1.7050523579999322],[29.349813730000051,-1.7049993949999589],[29.349830531000066,-1.7049403009999651]]]},"properties":{"OBJECTID":111,"parcel_num":306,"village":"Shusho","province":"Western","district":"Rubavu","sector":"Kanama","cell":"Mahoko","cell_code":"3030503","upi":"3/03/05/03/306","Land_Use":"Residential","Area":1050,"Shape_Length":0.001316544134402034,"Shape_Area":8.5376836332817335e-08}},{"type":"Feature","id":112,"geometry":{"type":"Polygon","coordinates":[[[29.348989322000079,-1.7040946349999331],[29.348982718000059,-1.7040549589999614],[29.348948252000071,-1.7040645149999705],[29.348906655000064,-1.7040704789999381],[29.348868190000076,-1.7040903129999379],[29.348860236000064,-1.7040942439999753],[29.348834151000062,-1.7041063309999345],[29.348805624000079,-1.7041230639999299],[29.348768773000074,-1.704152947999944],[29.348722413000075,-1.7041888079999694],[29.348734966000052,-1.7042267459999607],[29.348848772000053,-1.7041830329999357],[29.348997637000025,-1.7041445959999351],[29.348989322000079,-1.7040946349999331]]]},"properties":{"OBJECTID":112,"parcel_num":233,"village":"Shusho","province":"Western","district":"Rubavu","sector":"Kanama","cell":"Mahoko","cell_code":"3030503","upi":"3/03/05/03/233","Land_Use":"Residential","Area":261,"Shape_Length":0.00070430636579740086,"Shape_Area":2.1235040699336111e-08}},{"type":"Feature","id":113,"geometry":{"type":"Polygon","coordinates":[[[29.349179222000032,-1.7034974199999624],[29.349164942000073,-1.7035345049999364],[29.349138780000033,-1.7035464609999735],[29.349098352000055,-1.7035572149999325],[29.349059116000035,-1.7035583979999274],[29.349022263000052,-1.7035428309999361],[29.348986604000061,-1.7035141049999538],[29.348934307000036,-1.703463835999969],[29.34888081400004,-1.703433906999976],[29.34882731600004,-1.7034171399999423],[29.348791650000067,-1.7034075549999557],[29.34877378300007,-1.703503264999938],[29.348730983000053,-1.7034960709999609],[29.348700068000028,-1.7035020429999577],[29.348672717000056,-1.7035175879999542],[29.348642982000058,-1.7035510779999754],[29.348607314000049,-1.703546279999955],[29.348502191000023,-1.7035394819999397],[29.34852016800005,-1.703647584999942],[29.348614431000044,-1.7036615739999661],[29.348628310000038,-1.7036629899999411],[29.348756656000035,-1.7036678169999391],[29.348808933000043,-1.703703710999946],[29.348868346000074,-1.7037276489999726],[29.348928947000047,-1.7037491949999435],[29.348924203000024,-1.7037216879999733],[29.34894084900003,-1.7036953849999463],[29.348974114000043,-1.703724096999963],[29.348982197000055,-1.703744080999968],[29.349021653000079,-1.7037157419999289],[29.349051374000055,-1.7036858559999359],[29.349076335000063,-1.7036727089999317],[29.349095359000046,-1.7036428189999242],[29.349133395000024,-1.7036225019999733],[29.349160733000076,-1.7036081599999306],[29.349175682000066,-1.7035891879999667],[29.349181747000046,-1.7035820219999778],[29.349209629000029,-1.7035553909999521],[29.349227464000023,-1.7035506119999582],[29.349265512000045,-1.7035494279999739],[29.349324960000047,-1.7035494489999792],[29.349302391000037,-1.7034848329999477],[29.349256509000043,-1.703481892999946],[29.349220838000065,-1.7034902559999523],[29.349179222000032,-1.7034974199999624]]]},"properties":{"OBJECTID":113,"parcel_num":245,"village":"Shusho","province":"Western","district":"Rubavu","sector":"Kanama","cell":"Mahoko","cell_code":"3030503","upi":"3/03/05/03/245","Land_Use":"Residential","Area":1534,"Shape_Length":0.0021253690135812856,"Shape_Area":1.2467058861357138e-07}},{"type":"Feature","id":114,"geometry":{"type":"Polygon","coordinates":[[[29.349013486000047,-1.704446020999967],[29.349015905000044,-1.7043204549999587],[29.348974310000074,-1.7043228329999351],[29.348861405000036,-1.7043419279999625],[29.348832971000036,-1.7043499159999556],[29.34882654200004,-1.7043513909999319],[29.348828099000059,-1.7044351939999274],[29.348910098000033,-1.7044340269999338],[29.348926728000038,-1.7044579499999486],[29.348981397000045,-1.7044507929999781],[29.349013486000047,-1.704446020999967]]]},"properties":{"OBJECTID":114,"parcel_num":226,"village":"Shusho","province":"Western","district":"Rubavu","sector":"Kanama","cell":"Mahoko","cell_code":"3030503","upi":"3/03/05/03/226","Land_Use":"Residential","Area":256,"Shape_Length":0.00060042877883192112,"Shape_Area":2.0826292013005252e-08}},{"type":"Feature","id":115,"geometry":{"type":"Polygon","coordinates":[[[29.348824567000065,-1.7043511249999597],[29.348802612000043,-1.7042798869999274],[29.348801805000051,-1.7042773269999429],[29.348758472000043,-1.7042858769999611],[29.348750218000077,-1.7042878119999614],[29.34872374400004,-1.7042980609999745],[29.348754444000065,-1.7043562419999603],[29.348780934000047,-1.7044167909999715],[29.348827651000079,-1.7044110859999364],[29.34882654200004,-1.7043513909999319],[29.348824611000055,-1.7043515209999782],[29.348824567000065,-1.7043511249999597]]]},"properties":{"OBJECTID":115,"parcel_num":5510,"village":"Shusho","province":"Western","district":"Rubavu","sector":"Kanama","cell":"Mahoko","cell_code":"3030503","upi":"3/03/05/03/5510","Land_Use":"Residential","Area":111,"Shape_Length":0.00039924063402696085,"Shape_Area":9.026179846995481e-09}},{"type":"Feature","id":116,"geometry":{"type":"Polygon","coordinates":[[[29.349719386000061,-1.7044801189999248],[29.349700375000054,-1.7044693499999539],[29.349656406000065,-1.7044609639999635],[29.349620756000036,-1.7044561679999788],[29.34957010200003,-1.7044456559999617],[29.349554172000069,-1.7045565989999432],[29.349587447000033,-1.7045566109999299],[29.349607996000032,-1.7045582929999341],[29.349631417000069,-1.704560211999933],[29.349676575000046,-1.7045638149999718],[29.349719386000061,-1.7044801189999248]]]},"properties":{"OBJECTID":116,"parcel_num":302,"village":"Shusho","province":"Western","district":"Rubavu","sector":"Kanama","cell":"Mahoko","cell_code":"3030503","upi":"3/03/05/03/302","Land_Use":"Residential","Area":174,"Shape_Length":0.00048309936702058901,"Shape_Area":1.4150699057201472e-08}},{"type":"Feature","id":117,"geometry":{"type":"Polygon","coordinates":[[[29.349202920000039,-1.7062723689999757],[29.349180450000063,-1.7062330899999552],[29.349163818000079,-1.7062187329999574],[29.349141234000058,-1.7062294889999521],[29.349072298000067,-1.706255773999942],[29.349018804000025,-1.7062693819999595],[29.349033199000075,-1.7063159449999716],[29.349042703000066,-1.7063410739999654],[29.349049427000068,-1.7063523599999257],[29.349079400000051,-1.7063418799999681],[29.349123530000043,-1.7063236589999633],[29.349145959000055,-1.7063143969999714],[29.349202920000039,-1.7062723689999757]]]},"properties":{"OBJECTID":117,"parcel_num":202,"village":"Shusho","province":"Western","district":"Rubavu","sector":"Kanama","cell":"Mahoko","cell_code":"3030503","upi":"3/03/05/03/202","Land_Use":"Residential","Area":164,"Shape_Length":0.00048450360720246139,"Shape_Area":1.3352676976830256e-08}},{"type":"Feature","id":118,"geometry":{"type":"Polygon","coordinates":[[[29.348673724000037,-1.7033912489999352],[29.348679902000072,-1.7033656419999375],[29.348676342000033,-1.7033464979999735],[29.348663270000031,-1.7033249579999392],[29.348637116000077,-1.7033153769999672],[29.348606204000077,-1.7033141709999313],[29.348575291000031,-1.703314159999934],[29.348472419000075,-1.7033194199999571],[29.34848280500006,-1.7034195089999571],[29.348556235000046,-1.7034086719999664],[29.348641846000078,-1.7033919509999578],[29.348673724000037,-1.7033912489999352]]]},"properties":{"OBJECTID":118,"parcel_num":247,"village":"Shusho","province":"Western","district":"Rubavu","sector":"Kanama","cell":"Mahoko","cell_code":"3030503","upi":"3/03/05/03/247","Land_Use":"Residential","Area":213,"Shape_Length":0.00055768485866577284,"Shape_Area":1.7275633357929198e-08}},{"type":"Feature","id":119,"geometry":{"type":"Polygon","coordinates":[[[29.34941645400005,-1.702841641999953],[29.349343760000068,-1.7027860189999728],[29.349316025000064,-1.7028202939999346],[29.349260948000051,-1.7028883569999493],[29.349276372000077,-1.7029051489999461],[29.349289986000031,-1.7029200949999677],[29.349331667000058,-1.7029660569999692],[29.349338209000052,-1.7029482049999274],[29.349361999000052,-1.7029183019999437],[29.34941645400005,-1.702841641999953]]]},"properties":{"OBJECTID":119,"parcel_num":264,"village":"Shusho","province":"Western","district":"Rubavu","sector":"Kanama","cell":"Mahoko","cell_code":"3030503","upi":"3/03/05/03/264","Land_Use":"Residential","Area":166,"Shape_Length":0.00047950189473186381,"Shape_Area":1.3457006504413822e-08}},{"type":"Feature","id":120,"geometry":{"type":"Polygon","coordinates":[[[29.348754444000065,-1.7043562419999603],[29.34875299600003,-1.7043534989999785],[29.34872374400004,-1.7042980609999745],[29.348702170000024,-1.7043071939999663],[29.348577826000053,-1.70432423099993],[29.348596747000045,-1.7044342529999312],[29.348780934000047,-1.7044167909999715],[29.348754444000065,-1.7043562419999603]]]},"properties":{"OBJECTID":120,"parcel_num":230,"village":"Shusho","province":"Western","district":"Rubavu","sector":"Kanama","cell":"Mahoko","cell_code":"3030503","upi":"3/03/05/03/230","Land_Use":"Residential","Area":240,"Shape_Length":0.00057745725614925933,"Shape_Area":1.9483026580373726e-08}},{"type":"Feature","id":121,"geometry":{"type":"Polygon","coordinates":[[[29.349026254000023,-1.7047582269999566],[29.349019328000054,-1.7047402079999756],[29.34900865000003,-1.7046899779999762],[29.348980126000072,-1.7046983399999363],[29.348905353000077,-1.7047118189999537],[29.348887425000044,-1.7047150499999475],[29.348902533000057,-1.7047929829999475],[29.34891710900007,-1.7047903999999789],[29.348976533000041,-1.7047808529999315],[29.349033577000057,-1.7047772849999774],[29.349026254000023,-1.7047582269999566]]]},"properties":{"OBJECTID":121,"parcel_num":220,"village":"Shusho","province":"Western","district":"Rubavu","sector":"Kanama","cell":"Mahoko","cell_code":"3030503","upi":"3/03/05/03/220","Land_Use":"Residential","Area":127,"Shape_Length":0.00042652111729873411,"Shape_Area":1.0298982624777212e-08}},{"type":"Feature","id":122,"geometry":{"type":"Polygon","coordinates":[[[29.348822939000058,-1.7040373249999448],[29.34880170200006,-1.7040038729999765],[29.348796957000047,-1.7039787579999484],[29.348730669000076,-1.7039787959999444],[29.348735548000036,-1.704005843999937],[29.34866740800004,-1.7040185769999425],[29.348670560000073,-1.7040680079999788],[29.348768804000031,-1.7040616629999477],[29.348822939000058,-1.7040373249999448]]]},"properties":{"OBJECTID":122,"parcel_num":237,"village":"Shusho","province":"Western","district":"Rubavu","sector":"Kanama","cell":"Mahoko","cell_code":"3030503","upi":"3/03/05/03/237","Land_Use":"Residential","Area":115,"Shape_Length":0.00043560952536374171,"Shape_Area":9.3265975371696889e-09}},{"type":"Feature","id":123,"geometry":{"type":"Polygon","coordinates":[[[29.349258038000073,-1.7054091579999522],[29.34924373900003,-1.7053302249999547],[29.349234243000069,-1.7052967369999692],[29.349164120000069,-1.7053182389999506],[29.34902863700006,-1.7053337389999683],[29.348981362000075,-1.7053521669999441],[29.348973198000067,-1.7053548289999299],[29.348931180000079,-1.7053576239999302],[29.348880074000078,-1.7053707609999265],[29.348817086000054,-1.7053791099999671],[29.348749586000054,-1.7053910199999791],[29.348754826000061,-1.7054454449999525],[29.348759056000063,-1.7054738139999586],[29.348802794000051,-1.7054711879999331],[29.348862215000054,-1.7054676209999684],[29.348908563000066,-1.7054676359999803],[29.348964419000026,-1.7054640679999693],[29.348995321000075,-1.7054545119999602],[29.349042861000044,-1.7054425689999562],[29.349093967000044,-1.7054270399999609],[29.349124870000026,-1.7054150909999635],[29.349152205000053,-1.7054103169999735],[29.349204495000038,-1.705409139999972],[29.349258038000073,-1.7054091579999522]]]},"properties":{"OBJECTID":123,"parcel_num":212,"village":"Shusho","province":"Western","district":"Rubavu","sector":"Kanama","cell":"Mahoko","cell_code":"3030503","upi":"3/03/05/03/212","Land_Use":"Residential","Area":609,"Shape_Length":0.0012015507690167301,"Shape_Area":4.9472996986832772e-08}},{"type":"Feature","id":124,"geometry":{"type":"Polygon","coordinates":[[[29.348926687000073,-1.7026558779999732],[29.348830976000045,-1.7025797979999311],[29.348773312000048,-1.7026534329999663],[29.348679348000076,-1.7027598839999314],[29.348688214000049,-1.7027990079999427],[29.348702474000049,-1.7028229419999548],[29.348719742000071,-1.7028496309999355],[29.348786313000062,-1.7028855459999477],[29.34880533200004,-1.7028987129999678],[29.348787474000062,-1.7029692969999246],[29.34890634900006,-1.7030315519999704],[29.34893609900007,-1.7029537939999386],[29.348948489000065,-1.7028931189999525],[29.348958812000035,-1.7028425639999796],[29.348932337000065,-1.7028321929999493],[29.348870530000056,-1.7027759389999346],[29.348905031000072,-1.7027137359999642],[29.348941904000071,-1.7026682839999694],[29.348926687000073,-1.7026558779999732]]]},"properties":{"OBJECTID":124,"parcel_num":260,"village":"Shusho","province":"Western","district":"Rubavu","sector":"Kanama","cell":"Mahoko","cell_code":"3030503","upi":"3/03/05/03/260","Land_Use":"Residential","Area":836,"Shape_Length":0.0012213964063545319,"Shape_Area":6.7963081138301383e-08}},{"type":"Feature","id":125,"geometry":{"type":"Polygon","coordinates":[[[29.349190014000044,-1.7042989879999482],[29.349146654000037,-1.7042451589999246],[29.349119330000065,-1.7042164479999542],[29.349082492000036,-1.7042092599999705],[29.349042084000075,-1.7042188139999439],[29.349011182000027,-1.7042259789999434],[29.348934357000076,-1.7042416879999678],[29.348872130000075,-1.7042546329999482],[29.348861405000036,-1.7043419279999625],[29.348974310000074,-1.7043228329999351],[29.349015905000044,-1.7043204549999587],[29.349071768000044,-1.7042953599999464],[29.34909910500005,-1.704283410999949],[29.349137135000035,-1.7042810319999262],[29.349159714000052,-1.7042822359999263],[29.349190014000044,-1.7042989879999482]]]},"properties":{"OBJECTID":125,"parcel_num":228,"village":"Shusho","province":"Western","district":"Rubavu","sector":"Kanama","cell":"Mahoko","cell_code":"3030503","upi":"3/03/05/03/228","Land_Use":"Residential","Area":293,"Shape_Length":0.0007920415793264354,"Shape_Area":2.3843610327369879e-08}},{"type":"Feature","id":126,"geometry":{"type":"Polygon","coordinates":[[[29.349327738000056,-1.7058086949999733],[29.349323226000024,-1.705735653999966],[29.349326803000054,-1.7056985829999576],[29.349311372000045,-1.7056447629999525],[29.349272155000051,-1.7056447499999763],[29.349232935000032,-1.7056519119999507],[29.349159680000071,-1.7056822909999596],[29.349137850000034,-1.7056913439999448],[29.349074851000069,-1.7057283939999479],[29.349021047000065,-1.7057699089999687],[29.349014890000035,-1.7057758269999681],[29.348995208000076,-1.7057953749999797],[29.348998761000075,-1.7058240389999355],[29.349003507000077,-1.7058503489999453],[29.349018946000058,-1.7058790549999685],[29.349077135000073,-1.7060070339999243],[29.349197193000066,-1.7059197759999734],[29.349282784000025,-1.7058432689999563],[29.349327738000056,-1.7058086949999733]]]},"properties":{"OBJECTID":126,"parcel_num":311,"village":"Shusho","province":"Western","district":"Rubavu","sector":"Kanama","cell":"Mahoko","cell_code":"3030503","upi":"3/03/05/03/311","Land_Use":"Residential","Area":889,"Shape_Length":0.0010744882275362385,"Shape_Area":7.2213886877820197e-08}},{"type":"Feature","id":127,"geometry":{"type":"Polygon","coordinates":[[[29.348788722000052,-1.7049103179999747],[29.348764661000075,-1.7048965559999374],[29.34868382600007,-1.7049028219999514],[29.348695519000046,-1.7049666489999709],[29.348778008000068,-1.7049617369999623],[29.348791084000027,-1.7049533699999415],[29.348788722000052,-1.7049103179999747]]]},"properties":{"OBJECTID":127,"parcel_num":216,"village":"Shusho","province":"Western","district":"Rubavu","sector":"Kanama","cell":"Mahoko","cell_code":"3030503","upi":"3/03/05/03/216","Land_Use":"Residential","Area":78,"Shape_Length":0.00031496105585739368,"Shape_Area":6.3211746454133127e-09}},{"type":"Feature","id":128,"geometry":{"type":"Polygon","coordinates":[[[29.349178079000069,-1.7039492889999792],[29.349228759000027,-1.7038978789999533],[29.349254938000058,-1.7038368689999288],[29.349288271000034,-1.7037076649999676],[29.349270444000069,-1.7036861229999545],[29.349240733000045,-1.7036466309999696],[29.349181747000046,-1.7035820219999778],[29.349175682000066,-1.7035891879999667],[29.349160733000076,-1.7036081599999306],[29.349133395000024,-1.7036225019999733],[29.349095359000046,-1.7036428189999242],[29.349076335000063,-1.7036727089999317],[29.349051374000055,-1.7036858559999359],[29.349021653000079,-1.7037157419999289],[29.348982197000055,-1.703744080999968],[29.348987177000026,-1.7037563899999668],[29.349003802000027,-1.7037922719999301],[29.349003786000026,-1.7038413029999333],[29.349018795000063,-1.7038970109999809],[29.349020920000044,-1.7039043909999805],[29.349077840000064,-1.7039078989999439],[29.349108734000026,-1.7039234559999272],[29.349178079000069,-1.7039492889999792]]]},"properties":{"OBJECTID":128,"parcel_num":252,"village":"Shusho","province":"Western","district":"Rubavu","sector":"Kanama","cell":"Mahoko","cell_code":"3030503","upi":"3/03/05/03/252","Land_Use":"Residential","Area":869,"Shape_Length":0.0010316349158604092,"Shape_Area":7.0668493215690557e-08}},{"type":"Feature","id":129,"geometry":{"type":"Polygon","coordinates":[[[29.350173645000041,-1.7033983749999493],[29.350082601000054,-1.7034004499999469],[29.350017210000033,-1.7033980349999638],[29.349983914000063,-1.7034099879999758],[29.349924457000043,-1.7034374859999275],[29.349897106000071,-1.7034530299999346],[29.349842400000057,-1.7034948869999766],[29.349817416000064,-1.7035403429999292],[29.349851902000069,-1.7035236049999298],[29.349894705000054,-1.7035212259999639],[29.349933941000074,-1.7035188469999412],[29.349974365000037,-1.703523645999951],[29.350059971000064,-1.7035212819999401],[29.350131899000075,-1.703523210999947],[29.350139076000062,-1.7035026179999591],[29.350173645000041,-1.7033983749999493]]]},"properties":{"OBJECTID":129,"parcel_num":279,"village":"Shusho","province":"Western","district":"Rubavu","sector":"Kanama","cell":"Mahoko","cell_code":"3030503","upi":"3/03/05/03/279","Land_Use":"Residential","Area":388,"Shape_Length":0.00086004269883101345,"Shape_Area":3.1570432849166434e-08}},{"type":"Feature","id":130,"geometry":{"type":"Polygon","coordinates":[[[29.350087923000046,-1.703400328999976],[29.350173645000041,-1.7033983749999493],[29.350218683000037,-1.7032625659999781],[29.350201444000049,-1.7032500079999409],[29.350132488000042,-1.7032157949999487],[29.350127020000059,-1.7032238939999615],[29.350081197000065,-1.703295298999933],[29.350087464000069,-1.703394259999925],[29.350087923000046,-1.703400328999976]]]},"properties":{"OBJECTID":130,"parcel_num":5148,"village":"Shusho","province":"Western","district":"Rubavu","sector":"Kanama","cell":"Mahoko","cell_code":"3030503","upi":"3/03/05/03/5148","Land_Use":"Residential","Area":220,"Shape_Length":0.00052699263149247441,"Shape_Area":1.7884386249981198e-08}},{"type":"Feature","id":131,"geometry":{"type":"Polygon","coordinates":[[[29.348615481000024,-1.7045395199999689],[29.348626099000057,-1.704598983999972],[29.348702077000041,-1.7045850099999598],[29.348781387000031,-1.7045733019999716],[29.348774680000076,-1.7045253479999474],[29.348759299000051,-1.7045327649999535],[29.348629967000079,-1.7045395939999253],[29.348615481000024,-1.7045395199999689]]]},"properties":{"OBJECTID":131,"parcel_num":5142,"village":"Shusho","province":"Western","district":"Rubavu","sector":"Kanama","cell":"Mahoko","cell_code":"3030503","upi":"3/03/05/03/5142","Land_Use":"Residential","Area":98,"Shape_Length":0.00042732148455576794,"Shape_Area":7.9729975688531366e-09}},{"type":"Feature","id":132,"geometry":{"type":"Polygon","coordinates":[[[29.350132488000042,-1.7032157949999487],[29.350089236000031,-1.7031943339999316],[29.350026765000052,-1.7032676259999562],[29.349998219000042,-1.7032987239999784],[29.349981564000075,-1.703326236999942],[29.350017210000033,-1.7033980349999638],[29.350082601000054,-1.7034004499999469],[29.350087923000046,-1.703400328999976],[29.350087464000069,-1.703394259999925],[29.350081197000065,-1.703295298999933],[29.350127020000059,-1.7032238939999615],[29.350132488000042,-1.7032157949999487]]]},"properties":{"OBJECTID":132,"parcel_num":5149,"village":"Shusho","province":"Western","district":"Rubavu","sector":"Kanama","cell":"Mahoko","cell_code":"3030503","upi":"3/03/05/03/5149","Land_Use":"Residential","Area":188,"Shape_Length":0.00056974153434862103,"Shape_Area":1.5314070327745178e-08}},{"type":"Feature","id":133,"geometry":{"type":"Polygon","coordinates":[[[29.349382756000068,-1.7059622179999678],[29.349382571000035,-1.7059581069999581],[29.34938388300003,-1.7059390639999492],[29.349388676000046,-1.7058694589999277],[29.349349337000035,-1.7058373119999715],[29.349327738000056,-1.7058086949999733],[29.349282784000025,-1.7058432689999563],[29.349197193000066,-1.7059197759999734],[29.349118060000023,-1.7059772899999643],[29.349210122000045,-1.7059608019999359],[29.349304644000028,-1.7059586539999714],[29.349382756000068,-1.7059622179999678]]]},"properties":{"OBJECTID":133,"parcel_num":5187,"village":"Shusho","province":"Western","district":"Rubavu","sector":"Kanama","cell":"Mahoko","cell_code":"3030503","upi":"3/03/05/03/5187","Land_Use":"Residential","Area":263,"Shape_Length":0.00071523421514582718,"Shape_Area":2.1361105384595309e-08}},{"type":"Feature","id":134,"geometry":{"type":"Polygon","coordinates":[[[29.349369703000036,-1.7060558699999433],[29.349369410000065,-1.7060558169999354],[29.349238748000062,-1.7060658749999789],[29.349099287000058,-1.7061012519999394],[29.349099016000025,-1.7061013639999487],[29.349112749000028,-1.7061194589999786],[29.349157887000047,-1.7061828549999518],[29.349163818000079,-1.7062187329999574],[29.349180450000063,-1.7062330899999552],[29.349202920000039,-1.7062723689999757],[29.349247006000041,-1.706216369999936],[29.349289808000037,-1.7061601789999372],[29.349324290000027,-1.7061063749999335],[29.349349259000064,-1.7060693119999542],[29.349369703000036,-1.7060558699999433]]]},"properties":{"OBJECTID":134,"parcel_num":5188,"village":"Shusho","province":"Western","district":"Rubavu","sector":"Kanama","cell":"Mahoko","cell_code":"3030503","upi":"3/03/05/03/5188","Land_Use":"Residential","Area":323,"Shape_Length":0.00075461352468112321,"Shape_Area":2.6218812194819048e-08}},{"type":"Feature","id":135,"geometry":{"type":"Polygon","coordinates":[[[29.348891455000057,-1.7026278719999368],[29.348926687000073,-1.7026558779999732],[29.349018982000075,-1.7025393249999752],[29.348979184000029,-1.702509402999965],[29.348891455000057,-1.7026278719999368]]]},"properties":{"OBJECTID":135,"parcel_num":5192,"village":"Shusho","province":"Western","district":"Rubavu","sector":"Kanama","cell":"Mahoko","cell_code":"3030503","upi":"3/03/05/03/5192","Land_Use":"Residential","Area":86,"Shape_Length":0.00039088464145145763,"Shape_Area":7.015532737782892e-09}},{"type":"Feature","id":136,"geometry":{"type":"Polygon","coordinates":[[[29.349780285000065,-1.7030546649999678],[29.349741456000061,-1.7030336079999415],[29.349703752000039,-1.7031212199999572],[29.349742167000045,-1.7031383269999765],[29.349780285000065,-1.7030546649999678]]]},"properties":{"OBJECTID":136,"parcel_num":5196,"village":"Shusho","province":"Western","district":"Rubavu","sector":"Kanama","cell":"Mahoko","cell_code":"3030503","upi":"3/03/05/03/5196","Land_Use":"Residential","Area":50,"Shape_Length":0.00027354005264736272,"Shape_Area":4.030889918185643e-09}},{"type":"Feature","id":137,"geometry":{"type":"Polygon","coordinates":[[[29.348824611000055,-1.7043515209999782],[29.34882654200004,-1.7043513909999319],[29.348832971000036,-1.7043499159999556],[29.348861405000036,-1.7043419279999625],[29.348872130000075,-1.7042546329999482],[29.348813891000077,-1.7042749429999731],[29.348801805000051,-1.7042773269999429],[29.348802612000043,-1.7042798869999274],[29.348824567000065,-1.7043511249999597],[29.348824611000055,-1.7043515209999782]]]},"properties":{"OBJECTID":137,"parcel_num":5511,"village":"Shusho","province":"Western","district":"Rubavu","sector":"Kanama","cell":"Mahoko","cell_code":"3030503","upi":"3/03/05/03/5511","Land_Use":"Residential","Area":54,"Shape_Length":0.0002776422788165723,"Shape_Area":4.3768897459440627e-09}},{"type":"Feature","id":138,"geometry":{"type":"Polygon","coordinates":[[[29.348965877000069,-1.7057550769999352],[29.348966970000049,-1.7057550339999352],[29.348966573000041,-1.7057382049999319],[29.348964946000024,-1.7056737659999612],[29.348958406000065,-1.7056733439999334],[29.348917993000043,-1.7056741599999441],[29.348916420000023,-1.7057092959999522],[29.348915282000064,-1.7057570689999579],[29.348965877000069,-1.7057550769999352]]]},"properties":{"OBJECTID":138,"parcel_num":5610,"village":"Shusho","province":"Western","district":"Rubavu","sector":"Kanama","cell":"Mahoko","cell_code":"3030503","upi":"3/03/05/03/5610","Land_Use":"Residential","Area":50,"Shape_Length":0.000262953846294202,"Shape_Area":4.0779036414954543e-09}},{"type":"Feature","id":139,"geometry":{"type":"Polygon","coordinates":[[[29.349099490000071,-1.7057139039999356],[29.349137850000034,-1.7056913439999448],[29.349159680000071,-1.7056822909999596],[29.349147381000023,-1.7056172019999281],[29.349129555000047,-1.705618392999952],[29.34908082000004,-1.7056506649999505],[29.349052293000057,-1.7056673969999565],[29.349059500000067,-1.7056998059999273],[29.349085412000079,-1.7056956179999361],[29.349099490000071,-1.7057139039999356]]]},"properties":{"OBJECTID":139,"parcel_num":5609,"village":"Shusho","province":"Western","district":"Rubavu","sector":"Kanama","cell":"Mahoko","cell_code":"3030503","upi":"3/03/05/03/5609","Land_Use":"Residential","Area":76,"Shape_Length":0.00032629121419694554,"Shape_Area":6.1452987854091261e-09}},{"type":"Feature","id":140,"geometry":{"type":"Polygon","coordinates":[[[29.349536119000049,-1.7044388089999529],[29.349539950000064,-1.7044393989999662],[29.34957010200003,-1.7044456559999617],[29.349620756000036,-1.7044561679999788],[29.349656406000065,-1.7044609639999635],[29.349700375000054,-1.7044693499999539],[29.349719386000061,-1.7044801189999248],[29.349756649000028,-1.7044314859999758],[29.349757093000051,-1.7044307899999467],[29.349756540000044,-1.7044307969999295],[29.349748120000072,-1.7043774459999668],[29.349747573000059,-1.7043461359999696],[29.349720894000029,-1.7043049129999304],[29.349700803000076,-1.7042106239999271],[29.349677487000065,-1.7042112909999787],[29.349545023000076,-1.7042150839999408],[29.349536278000073,-1.7044293499999412],[29.349536119000049,-1.7044388089999529]]]},"properties":{"OBJECTID":140,"parcel_num":5649,"village":"Shusho","province":"Western","district":"Rubavu","sector":"Kanama","cell":"Mahoko","cell_code":"3030503","upi":"3/03/05/03/5649","Land_Use":"Residential","Area":580,"Shape_Length":0.00086221521527330943,"Shape_Area":4.7119843533797431e-08}},{"type":"Feature","id":141,"geometry":{"type":"Polygon","coordinates":[[[29.349545023000076,-1.7042150839999408],[29.349541325000075,-1.7041327409999667],[29.349508574000026,-1.7041290629999253],[29.349506905000055,-1.7041109399999641],[29.349508104000051,-1.7040810289999513],[29.349498518000075,-1.7040181969999253],[29.349423713000078,-1.7040056249999793],[29.349410645000034,-1.7041045989999475],[29.349411782000061,-1.7041288529999292],[29.349404629000048,-1.7041874759999587],[29.349392729000044,-1.704217382999957],[29.34938218800005,-1.7042419359999599],[29.349444744000039,-1.7042554179999456],[29.349507227000061,-1.7042613589999291],[29.349542922000069,-1.7042665579999721],[29.349545023000076,-1.7042150839999408]]]},"properties":{"OBJECTID":141,"parcel_num":290,"village":"Shusho","province":"Western","district":"Rubavu","sector":"Kanama","cell":"Mahoko","cell_code":"3030503","upi":"3/03/05/03/290","Land_Use":"Residential","Area":353,"Shape_Length":0.00075935537117424192,"Shape_Area":2.8698412488848729e-08}},{"type":"Feature","id":142,"geometry":{"type":"Polygon","coordinates":[[[29.349542922000069,-1.7042665579999721],[29.349507227000061,-1.7042613589999291],[29.349444744000039,-1.7042554179999456],[29.34938218800005,-1.7042419359999599],[29.349380290000056,-1.7042506479999702],[29.349372488000029,-1.7043035209999289],[29.349358166000059,-1.7043173569999794],[29.349361717000079,-1.7043592139999646],[29.34937121400003,-1.7043879179999522],[29.34938309100005,-1.7044094479999785],[29.34939853700007,-1.70442021599996],[29.34940851600004,-1.7044302639999387],[29.349469839000051,-1.7044286119999583],[29.349507990000063,-1.7044344809999643],[29.349536119000049,-1.7044388089999529],[29.349536278000073,-1.7044293499999412],[29.349542922000069,-1.7042665579999721]]]},"properties":{"OBJECTID":142,"parcel_num":297,"village":"Shusho","province":"Western","district":"Rubavu","sector":"Kanama","cell":"Mahoko","cell_code":"3030503","upi":"3/03/05/03/297","Land_Use":"Residential","Area":362,"Shape_Length":0.00067571783367569569,"Shape_Area":2.939819179933597e-08}},{"type":"Feature","id":143,"geometry":{"type":"Polygon","coordinates":[[[29.34966287900005,-1.7041291009999782],[29.349647216000051,-1.7040715039999554],[29.349646177000068,-1.7040117869999563],[29.349587788000065,-1.7040128589999313],[29.349567575000037,-1.7040128519999485],[29.349549741000033,-1.7040128459999551],[29.349516447000042,-1.7040212099999508],[29.349498518000075,-1.7040181969999253],[29.349508104000051,-1.7040810289999513],[29.349506905000055,-1.7041109399999641],[29.349508574000026,-1.7041290629999253],[29.349592502000064,-1.7041384869999661],[29.349630547000061,-1.7041420879999691],[29.34966287900005,-1.7041291009999782]]]},"properties":{"OBJECTID":143,"parcel_num":288,"village":"Shusho","province":"Western","district":"Rubavu","sector":"Kanama","cell":"Mahoko","cell_code":"3030503","upi":"3/03/05/03/288","Land_Use":"Residential","Area":219,"Shape_Length":0.00053757655180567819,"Shape_Area":1.7766507868818133e-08}},{"type":"Feature","id":144,"geometry":{"type":"Polygon","coordinates":[[[29.349687696000046,-1.7041387379999264],[29.349664587000063,-1.7041375869999342],[29.349664567000048,-1.7041374739999355],[29.34966287900005,-1.7041291009999782],[29.349630547000061,-1.7041420879999691],[29.349592502000064,-1.7041384869999661],[29.349541325000075,-1.7041327409999667],[29.349545023000076,-1.7042150839999408],[29.349677487000065,-1.7042112909999787],[29.349700803000076,-1.7042106239999271],[29.349687696000046,-1.7041387379999264]]]},"properties":{"OBJECTID":144,"parcel_num":5650,"village":"Shusho","province":"Western","district":"Rubavu","sector":"Kanama","cell":"Mahoko","cell_code":"3030503","upi":"3/03/05/03/5650","Land_Use":"Residential","Area":141,"Shape_Length":0.00046769121608437859,"Shape_Area":1.1429804514723703e-08}},{"type":"Feature","id":145,"geometry":{"type":"Polygon","coordinates":[[[29.348899780000067,-1.7046597699999779],[29.348905353000077,-1.7047118189999537],[29.348980126000072,-1.7046983399999363],[29.34900865000003,-1.7046899779999762],[29.349019328000054,-1.7047402079999756],[29.349026254000023,-1.7047582269999566],[29.349057354000024,-1.7047509839999293],[29.349068956000053,-1.7047422349999692],[29.349081128000023,-1.7047330539999734],[29.34908351200005,-1.7047103339999694],[29.34908149000006,-1.7046531699999719],[29.348899780000067,-1.7046597699999779]]]},"properties":{"OBJECTID":145,"parcel_num":5783,"village":"Shusho","province":"Western","district":"Rubavu","sector":"Kanama","cell":"Mahoko","cell_code":"3030503","upi":"3/03/05/03/5783","Land_Use":"Residential","Area":139,"Shape_Length":0.00055228970100587972,"Shape_Area":1.133173254705344e-08}},{"type":"Feature","id":146,"geometry":{"type":"Polygon","coordinates":[[[29.348897722000061,-1.7032056669999633],[29.348911803000078,-1.7032077909999543],[29.348926576000054,-1.7032122849999496],[29.348974811000062,-1.7032269549999342],[29.34916146300003,-1.7032736799999384],[29.349155559000053,-1.7031504449999488],[29.349141294000049,-1.7031420649999518],[29.349141601000042,-1.7031139479999524],[29.349140119000026,-1.7030989929999691],[29.349141474000078,-1.7030884969999533],[29.349138055000026,-1.7030886859999441],[29.34912333300008,-1.7030888619999587],[29.349106015000075,-1.7030879249999771],[29.349076707000052,-1.7030871189999743],[29.349038322000069,-1.7030866809999452],[29.349012161000076,-1.7030847369999265],[29.349003190000076,-1.7030866419999597],[29.349000741000054,-1.7030864589999624],[29.348967529000049,-1.703083979999974],[29.348942193000028,-1.7030852639999807],[29.348933294000062,-1.7030848909999463],[29.348909418000062,-1.7030838879999806],[29.348905331000026,-1.7030991429999744],[29.348901345000058,-1.7031151139999565],[29.34889951200006,-1.7031395949999251],[29.348897512000065,-1.7031541909999532],[29.348897384000054,-1.7031856819999689],[29.348897722000061,-1.7032056669999633]]]},"properties":{"OBJECTID":146,"parcel_num":5797,"village":"Shusho","province":"Western","district":"Rubavu","sector":"Kanama","cell":"Mahoko","cell_code":"3030503","upi":"3/03/05/03/5797","Land_Use":"Residential","Area":476,"Shape_Length":0.00082170931072502861,"Shape_Area":3.8705212696839894e-08}},{"type":"Feature","id":147,"geometry":{"type":"Polygon","coordinates":[[[29.348729596000055,-1.702316992999954],[29.348702576000051,-1.7022949379999659],[29.348616535000076,-1.7024087069999609],[29.348633093000046,-1.7024176869999792],[29.348646717000065,-1.7024241859999734],[29.348729567000078,-1.7023170289999712],[29.348729596000055,-1.702316992999954]]]},"properties":{"OBJECTID":147,"parcel_num":5803,"village":"Shusho","province":"Western","district":"Rubavu","sector":"Kanama","cell":"Mahoko","cell_code":"3030503","upi":"3/03/05/03/5803","Land_Use":"Residential","Area":58,"Shape_Length":0.00034694679386760891,"Shape_Area":4.7522319653115603e-09}},{"type":"Feature","id":148,"geometry":{"type":"Polygon","coordinates":[[[29.348646717000065,-1.7024241859999734],[29.348678267000025,-1.7024392369999646],[29.348755250000067,-1.7023379319999776],[29.348729596000055,-1.702316992999954],[29.348729567000078,-1.7023170289999712],[29.348646717000065,-1.7024241859999734]]]},"properties":{"OBJECTID":148,"parcel_num":5804,"village":"Shusho","province":"Western","district":"Rubavu","sector":"Kanama","cell":"Mahoko","cell_code":"3030503","upi":"3/03/05/03/5804","Land_Use":"Residential","Area":54,"Shape_Length":0.00033080339973550577,"Shape_Area":4.4201507171222972e-09}},{"type":"Feature","id":149,"geometry":{"type":"Polygon","coordinates":[[[29.349232824000069,-1.704446083999926],[29.349241648000032,-1.7044799569999327],[29.349240450000025,-1.7045098529999336],[29.349232117000042,-1.7045493139999621],[29.349205169000072,-1.7046812369999316],[29.349241787000039,-1.7046703339999567],[29.349296414000037,-1.7046648989999653],[29.349346960000048,-1.7046646819999296],[29.349353304000033,-1.7046402419999254],[29.349369946000024,-1.7046282879999808],[29.349398466000025,-1.7046306899999308],[29.349407978000045,-1.704616342999941],[29.349412627000049,-1.7045889939999483],[29.349416313000063,-1.7045673149999629],[29.349416335000058,-1.7045027369999275],[29.349408025000059,-1.7044776209999668],[29.34940851600004,-1.7044302639999387],[29.34939853700007,-1.70442021599996],[29.34938309100005,-1.7044094479999785],[29.34938124100006,-1.7044060939999781],[29.349381059000052,-1.7044061979999583],[29.34924668900004,-1.7044435409999323],[29.34923290100005,-1.7044461089999459],[29.349232824000069,-1.704446083999926]]]},"properties":{"OBJECTID":149,"parcel_num":5683,"village":"Shusho","province":"Western","district":"Rubavu","sector":"Kanama","cell":"Mahoko","cell_code":"3030503","upi":"3/03/05/03/5683","Land_Use":"Residential","Area":520,"Shape_Length":0.00085384975391332354,"Shape_Area":4.22537871010198e-08}},{"type":"Feature","id":150,"geometry":{"type":"Polygon","coordinates":[[[29.349304467000024,-1.7049750699999322],[29.349348445000032,-1.7049523639999506],[29.349348474000067,-1.7048650649999786],[29.349339007000026,-1.7047454739999353],[29.349344958000074,-1.7047227549999775],[29.349346164000053,-1.7046677449999379],[29.349346960000048,-1.7046646819999296],[29.349296414000037,-1.7046648989999653],[29.349241787000039,-1.7046703339999567],[29.349227270000029,-1.7048267559999317],[29.349220133000074,-1.7048494749999463],[29.349217745000033,-1.7048817629999462],[29.349221295000063,-1.7049260109999409],[29.349215346000051,-1.7049451429999749],[29.349209392000034,-1.704982212999937],[29.349241478000067,-1.7049846159999333],[29.349304467000024,-1.7049750699999322]]]},"properties":{"OBJECTID":150,"parcel_num":4657,"village":"Shusho","province":"Western","district":"Rubavu","sector":"Kanama","cell":"Mahoko","cell_code":"3030503","upi":"3/03/05/03/4657","Land_Use":"Residential","Area":452,"Shape_Length":0.00085501341944211706,"Shape_Area":3.6713442845535063e-08}},{"type":"Feature","id":151,"geometry":{"type":"Polygon","coordinates":[[[29.349345113000027,-1.7047156679999489],[29.349344958000074,-1.7047227549999775],[29.349339007000026,-1.7047454739999353],[29.349348474000067,-1.7048650649999786],[29.349348445000032,-1.7049523639999506],[29.349304467000024,-1.7049750699999322],[29.349241478000067,-1.7049846159999333],[29.349209392000034,-1.704982212999937],[29.349207007000075,-1.7050073259999294],[29.349203432000024,-1.7050360259999593],[29.34921054800003,-1.7050778839999339],[29.349205695000023,-1.7051159639999582],[29.349204333000046,-1.7051404149999598],[29.349237866000067,-1.7051233359999287],[29.349292539000032,-1.7051054169999702],[29.349357904000044,-1.7050982639999575],[29.349370889000056,-1.7050965639999731],[29.349385238000025,-1.7050946859999385],[29.34942684300006,-1.7050624109999717],[29.349474390000069,-1.7050301389999731],[29.349520747000042,-1.7050026489999368],[29.349557597000057,-1.7049739609999506],[29.349594442000068,-1.704962013999932],[29.349640796000074,-1.7049405049999677],[29.349674077000032,-1.7049249699999791],[29.349706165000043,-1.7049213929999496],[29.349745382000037,-1.7049226019999537],[29.349783408000064,-1.7049309859999653],[29.349830531000066,-1.7049403009999651],[29.349853405000033,-1.7048598399999264],[29.34987125400005,-1.7047916809999606],[29.349884385000053,-1.7046170879999636],[29.349902755000073,-1.7044389749999596],[29.349866764000069,-1.7044335299999602],[29.349823982000032,-1.7044299279999677],[29.349757093000051,-1.7044307899999467],[29.349756649000028,-1.7044314859999758],[29.349719386000061,-1.7044801189999248],[29.349676575000046,-1.7045638149999718],[29.349631417000069,-1.704560211999933],[29.349607996000032,-1.7045582929999341],[29.349601692000078,-1.7046056459999477],[29.349600486000043,-1.7046570679999604],[29.349595880000038,-1.7046933849999277],[29.349623119000057,-1.704737975999933],[29.349459980000063,-1.7048401619999254],[29.349453316000051,-1.7047198489999573],[29.349345113000027,-1.7047156679999489]]]},"properties":{"OBJECTID":151,"parcel_num":304,"village":"Shusho","province":"Western","district":"Rubavu","sector":"Kanama","cell":"Mahoko","cell_code":"3030503","upi":"3/03/05/03/304","Land_Use":"Residential","Area":2593,"Shape_Length":0.0027156948259974764,"Shape_Area":2.107284073294285e-07}},{"type":"Feature","id":152,"geometry":{"type":"Polygon","coordinates":[[[29.348478443000033,-1.7026724749999289],[29.348446797000065,-1.7026402889999304],[29.348434459000032,-1.7026509239999541],[29.348403537000024,-1.7026772349999533],[29.348375463000025,-1.702690018999931],[29.348387617000071,-1.7027360889999272],[29.348490318000074,-1.7027167479999434],[29.348478443000033,-1.7026724749999289]]]},"properties":{"OBJECTID":152,"parcel_num":5892,"village":"Shusho","province":"Western","district":"Rubavu","sector":"Kanama","cell":"Mahoko","cell_code":"3030503","upi":"3/03/05/03/5892","Land_Use":"Residential","Area":81,"Shape_Length":0.00033086572552975852,"Shape_Area":6.5576846568348721e-09}},{"type":"Feature","id":153,"geometry":{"type":"Polygon","coordinates":[[[29.349908253000024,-1.7043360089999737],[29.349937985000054,-1.7042535599999269],[29.349961290000067,-1.7041436979999389],[29.349913526000023,-1.7041266319999409],[29.349829114000045,-1.7041134409999472],[29.349830312000051,-1.7040847269999517],[29.349842218000049,-1.7040356779999684],[29.349855313000035,-1.7039890209999271],[29.34986542200005,-1.7039483869999685],[29.349866435000024,-1.7039411319999545],[29.349868425000068,-1.703888524999968],[29.349867251000035,-1.7038430599999401],[29.349830391000069,-1.7038466359999802],[29.349816118000035,-1.7038657739999508],[29.349709116000042,-1.7038537739999242],[29.349603301000059,-1.7038429699999256],[29.349567575000037,-1.7040128519999485],[29.349587788000065,-1.7040128589999313],[29.349646177000068,-1.7040117869999563],[29.349646810000024,-1.7040481689999751],[29.349648021000064,-1.7040480279999315],[29.349706294000043,-1.7040511719999358],[29.349747386000047,-1.7040688739999723],[29.349799017000066,-1.7041036489999328],[29.349789442000031,-1.7041425979999758],[29.349785262000069,-1.7041810249999685],[29.349785542000063,-1.7041968919999704],[29.349775885000042,-1.7042383489999793],[29.349814636000076,-1.7042960279999306],[29.349815367000076,-1.704332681999972],[29.349908253000024,-1.7043360089999737]]]},"properties":{"OBJECTID":153,"parcel_num":5943,"village":"Shusho","province":"Western","district":"Rubavu","sector":"Kanama","cell":"Mahoko","cell_code":"3030503","upi":"3/03/05/03/5943","Land_Use":"Residential","Area":1076,"Shape_Length":0.0016775105321872731,"Shape_Area":8.7416559332611835e-08}},{"type":"Feature","id":154,"geometry":{"type":"Polygon","coordinates":[[[29.349205169000072,-1.7046812369999316],[29.349232117000042,-1.7045493139999621],[29.349216668000054,-1.7045505049999292],[29.349150899000051,-1.7045558479999272],[29.349084738000045,-1.7045610519999741],[29.349078244000054,-1.7045614469999464],[29.349081492000039,-1.704653230999952],[29.349081601000023,-1.7046532859999388],[29.349142329000074,-1.7046524649999242],[29.349145759000066,-1.7046889309999642],[29.349205169000072,-1.7046812369999316]]]},"properties":{"OBJECTID":154,"parcel_num":5684,"village":"Shusho","province":"Western","district":"Rubavu","sector":"Kanama","cell":"Mahoko","cell_code":"3030503","upi":"3/03/05/03/5684","Land_Use":"Residential","Area":194,"Shape_Length":0.00053822926946348699,"Shape_Area":1.5803662570208619e-08}},{"type":"Feature","id":155,"geometry":{"type":"Polygon","coordinates":[[[29.34938124100006,-1.7044060939999781],[29.34937121400003,-1.7043879179999522],[29.349361717000079,-1.7043592139999646],[29.349358166000059,-1.7043173569999794],[29.349323698000035,-1.7043293039999412],[29.349307056000043,-1.7043424539999705],[29.349271393000038,-1.7043735339999557],[29.34921672400003,-1.7043842779999636],[29.349232824000069,-1.704446083999926],[29.34923290100005,-1.7044461089999459],[29.34924668900004,-1.7044435409999323],[29.349381059000052,-1.7044061979999583],[29.34938124100006,-1.7044060939999781]]]},"properties":{"OBJECTID":155,"parcel_num":5685,"village":"Shusho","province":"Western","district":"Rubavu","sector":"Kanama","cell":"Mahoko","cell_code":"3030503","upi":"3/03/05/03/5685","Land_Use":"Residential","Area":136,"Shape_Length":0.00047135714999787452,"Shape_Area":1.1070050513732489e-08}},{"type":"Feature","id":156,"geometry":{"type":"Polygon","coordinates":[[[29.349142329000074,-1.7046524649999242],[29.349081601000023,-1.7046532859999388],[29.349081492000039,-1.704653230999952],[29.34908351200005,-1.7047103339999694],[29.349081128000023,-1.7047330539999734],[29.349068956000053,-1.7047422349999692],[29.349057354000024,-1.7047509839999293],[29.349026254000023,-1.7047582269999566],[29.349033577000057,-1.7047772849999774],[29.349038298000039,-1.7048753479999732],[29.349029521000034,-1.7049192429999493],[29.349038283000027,-1.7049185199999783],[29.349065618000054,-1.7049151949999555],[29.349092953000024,-1.7049104209999655],[29.349103652000053,-1.7048996619999457],[29.349119105000057,-1.7048865119999732],[29.349217745000033,-1.7048817629999462],[29.349220133000074,-1.7048494749999463],[29.349227270000029,-1.7048267559999317],[29.349241787000039,-1.7046703339999567],[29.349205169000072,-1.7046812369999316],[29.349145759000066,-1.7046889309999642],[29.349142329000074,-1.7046524649999242]]]},"properties":{"OBJECTID":156,"parcel_num":300,"village":"Shusho","province":"Western","district":"Rubavu","sector":"Kanama","cell":"Mahoko","cell_code":"3030503","upi":"3/03/05/03/300","Land_Use":"Residential","Area":497,"Shape_Length":0.00091222476116673164,"Shape_Area":4.0404894881417783e-08}},{"type":"Feature","id":157,"geometry":{"type":"Polygon","coordinates":[[[29.349167946000023,-1.7026514909999264],[29.349155361000044,-1.702641860999961],[29.349138888000027,-1.7026294759999701],[29.349063396000076,-1.7027217279999718],[29.348984015000042,-1.7029060529999356],[29.349030990000074,-1.7029231559999403],[29.349000741000054,-1.7030864589999624],[29.349003190000076,-1.7030866419999597],[29.349012161000076,-1.7030847369999265],[29.349038322000069,-1.7030866809999452],[29.349076707000052,-1.7030871189999743],[29.349106015000075,-1.7030879249999771],[29.34912333300008,-1.7030888619999587],[29.349138055000026,-1.7030886859999441],[29.349141474000078,-1.7030884969999533],[29.349141986000063,-1.7030845329999806],[29.349130101000071,-1.703068974999951],[29.349122975000057,-1.7030462409999245],[29.349137250000069,-1.7030223159999309],[29.349142639000036,-1.7029864779999571],[29.349118288000057,-1.7029925959999446],[29.349101121000047,-1.7029770189999454],[29.349121341000057,-1.7029554899999653],[29.349123108000072,-1.7029316129999756],[29.349124574000029,-1.7029233749999548],[29.349064290000058,-1.7028992379999295],[29.349071431000027,-1.7028753119999465],[29.349091654000063,-1.702844210999956],[29.349133690000031,-1.7027724849999686],[29.349102004000031,-1.7027488569999605],[29.349153410000042,-1.7026729539999792],[29.349167946000023,-1.7026514909999264]]]},"properties":{"OBJECTID":157,"parcel_num":5837,"village":"Shusho","province":"Western","district":"Rubavu","sector":"Kanama","cell":"Mahoko","cell_code":"3030503","upi":"3/03/05/03/5837","Land_Use":"Residential","Area":469,"Shape_Length":0.0013023751437562258,"Shape_Area":3.8142201408452303e-08}},{"type":"Feature","id":158,"geometry":{"type":"Polygon","coordinates":[[[29.349601692000078,-1.7046056459999477],[29.349607996000032,-1.7045582929999341],[29.349587447000033,-1.7045566109999299],[29.349554172000069,-1.7045565989999432],[29.349453157000028,-1.7045601519999423],[29.34943889300007,-1.7045685189999631],[29.349412627000049,-1.7045889939999483],[29.349407978000045,-1.704616342999941],[29.349398466000025,-1.7046306899999308],[29.349369946000024,-1.7046282879999808],[29.349353304000033,-1.7046402419999254],[29.349346164000053,-1.7046677449999379],[29.349345113000027,-1.7047156679999489],[29.349453316000051,-1.7047198489999573],[29.349459980000063,-1.7048401619999254],[29.349623119000057,-1.704737975999933],[29.349595880000038,-1.7046933849999277],[29.349600486000043,-1.7046570679999604],[29.349601692000078,-1.7046056459999477]]]},"properties":{"OBJECTID":158,"parcel_num":303,"village":"Shusho","province":"Western","district":"Rubavu","sector":"Kanama","cell":"Mahoko","cell_code":"3030503","upi":"3/03/05/03/303","Land_Use":"Residential","Area":583,"Shape_Length":0.00098457491876376905,"Shape_Area":4.7365961815766969e-08}},{"type":"Feature","id":159,"geometry":{"type":"Polygon","coordinates":[[[29.349785542000063,-1.7041968919999704],[29.349785262000069,-1.7041810249999685],[29.349789442000031,-1.7041425979999758],[29.349799017000066,-1.7041036489999328],[29.349747386000047,-1.7040688739999723],[29.349706294000043,-1.7040511719999358],[29.349648021000064,-1.7040480279999315],[29.349646810000024,-1.7040481689999751],[29.349647216000051,-1.7040715039999554],[29.34966287900005,-1.7041291009999782],[29.349664567000048,-1.7041374739999355],[29.349664587000063,-1.7041375869999342],[29.349687696000046,-1.7041387379999264],[29.34969469400005,-1.7041771159999257],[29.349708651000071,-1.7041774889999601],[29.349742040000024,-1.7041849899999306],[29.349785542000063,-1.7041968919999704]]]},"properties":{"OBJECTID":159,"parcel_num":5945,"village":"Shusho","province":"Western","district":"Rubavu","sector":"Kanama","cell":"Mahoko","cell_code":"3030503","upi":"3/03/05/03/5945","Land_Use":"Residential","Area":183,"Shape_Length":0.00050831737495223982,"Shape_Area":1.4886924482471916e-08}},{"type":"Feature","id":160,"geometry":{"type":"Polygon","coordinates":[[[29.349785542000063,-1.7041968919999704],[29.349742040000024,-1.7041849899999306],[29.349708651000071,-1.7041774889999601],[29.34969469400005,-1.7041771159999257],[29.349700803000076,-1.7042106239999271],[29.349720894000029,-1.7043049129999304],[29.349747573000059,-1.7043461359999696],[29.349748120000072,-1.7043774459999668],[29.349756540000044,-1.7044307969999295],[29.349823982000032,-1.7044299279999677],[29.349866764000069,-1.7044335299999602],[29.349902755000073,-1.7044389749999596],[29.349905845000023,-1.7044090129999745],[29.349903489000042,-1.7043492179999475],[29.349908253000024,-1.7043360089999737],[29.349815367000076,-1.704332681999972],[29.349814636000076,-1.7042960279999306],[29.349775885000042,-1.7042383489999793],[29.349785542000063,-1.7041968919999704]]]},"properties":{"OBJECTID":160,"parcel_num":5944,"village":"Shusho","province":"Western","district":"Rubavu","sector":"Kanama","cell":"Mahoko","cell_code":"3030503","upi":"3/03/05/03/5944","Land_Use":"Residential","Area":339,"Shape_Length":0.00085062603167690388,"Shape_Area":2.7523105136756518e-08}},{"type":"Feature","id":161,"geometry":{"type":"Polygon","coordinates":[[[29.348478443000033,-1.7026724749999289],[29.348493908000023,-1.7026473549999537],[29.34851769100004,-1.7026342019999561],[29.348537904000068,-1.7026354059999562],[29.348559306000027,-1.7026306269999623],[29.34857020000004,-1.702618303999941],[29.348615008000024,-1.7025695989999576],[29.348552136000023,-1.7025385589999473],[29.348531982000054,-1.7025648139999703],[29.348476084000026,-1.7026150449999591],[29.348446797000065,-1.7026402889999304],[29.348478443000033,-1.7026724749999289]]]},"properties":{"OBJECTID":161,"parcel_num":5891,"village":"Shusho","province":"Western","district":"Rubavu","sector":"Kanama","cell":"Mahoko","cell_code":"3030503","upi":"3/03/05/03/5891","Land_Use":"Residential","Area":107,"Shape_Length":0.00044365303242531196,"Shape_Area":8.6997964343855455e-09}},{"type":"Feature","id":162,"geometry":{"type":"Polygon","coordinates":[[[29.349133690000031,-1.7027724849999686],[29.349143720000029,-1.7027553709999665],[29.349170171000026,-1.7027102369999625],[29.349192674000051,-1.7026704119999749],[29.349169810000035,-1.7026529169999662],[29.349167946000023,-1.7026514909999264],[29.349153410000042,-1.7026729539999792],[29.349102004000031,-1.7027488569999605],[29.349133690000031,-1.7027724849999686]]]},"properties":{"OBJECTID":162,"parcel_num":5838,"village":"Shusho","province":"Western","district":"Rubavu","sector":"Kanama","cell":"Mahoko","cell_code":"3030503","upi":"3/03/05/03/5838","Land_Use":"Residential","Area":51,"Shape_Length":0.00030615008317385164,"Shape_Area":4.1677101962885067e-09}}]}